mine-and-evolve	Set up job	´╗┐2026-09-27T20:09:45.6176595Z Current runner version: '2.337.0'
mine-and-evolve	Set up job	2026-09-27T20:09:45.6205799Z ##[group]Runner Image Provisioner
mine-and-evolve	Set up job	2026-09-27T20:09:45.6206918Z Hosted Compute Agent
mine-and-evolve	Set up job	2026-09-27T20:09:45.6207642Z Version: 20260828.587
mine-and-evolve	Set up job	2026-09-27T20:09:45.6208318Z Commit: abac92662cab4cc7352de4f9f9d2e2419aad9c29
mine-and-evolve	Set up job	2026-09-27T20:09:45.6209210Z Build Date: 2026-08-28T16:44:25Z
mine-and-evolve	Set up job	2026-09-27T20:09:45.6210033Z Worker ID: {a413bc4b-f982-4c9f-b1a0-88eb8f7f2941}
mine-and-evolve	Set up job	2026-09-27T20:09:45.6211079Z Azure Region: westus
mine-and-evolve	Set up job	2026-09-27T20:09:45.6211716Z ##[endgroup]
mine-and-evolve	Set up job	2026-09-27T20:09:45.6213680Z ##[group]Operating System
mine-and-evolve	Set up job	2026-09-27T20:09:45.6214438Z Ubuntu
mine-and-evolve	Set up job	2026-09-27T20:09:45.6215002Z 24.04.5
mine-and-evolve	Set up job	2026-09-27T20:09:45.6215613Z LTS
mine-and-evolve	Set up job	2026-09-27T20:09:45.6216237Z ##[endgroup]
mine-and-evolve	Set up job	2026-09-27T20:09:45.6216861Z ##[group]Runner Image
mine-and-evolve	Set up job	2026-09-27T20:09:45.6217574Z Image: ubuntu-24.04
mine-and-evolve	Set up job	2026-09-27T20:09:45.6218641Z Version: 20260920.314.1
mine-and-evolve	Set up job	2026-09-27T20:09:45.6219863Z Included Software: https://github.com/actions/runner-images/blob/ubuntu24/20260920.314/images/ubuntu/Ubuntu2404-Readme.md
mine-and-evolve	Set up job	2026-09-27T20:09:45.6222209Z Image Release: https://github.com/actions/runner-images/releases/tag/ubuntu24%2F20260920.314
mine-and-evolve	Set up job	2026-09-27T20:09:45.6223232Z ##[endgroup]
mine-and-evolve	Set up job	2026-09-27T20:09:45.6224568Z ##[group]GITHUB_TOKEN Permissions
mine-and-evolve	Set up job	2026-09-27T20:09:45.6226793Z Contents: read
mine-and-evolve	Set up job	2026-09-27T20:09:45.6227536Z Metadata: read
mine-and-evolve	Set up job	2026-09-27T20:09:45.6228183Z Packages: read
mine-and-evolve	Set up job	2026-09-27T20:09:45.6228875Z ##[endgroup]
mine-and-evolve	Set up job	2026-09-27T20:09:45.6231382Z Secret source: Actions
mine-and-evolve	Set up job	2026-09-27T20:09:45.6232527Z Cache mode: write
mine-and-evolve	Set up job	2026-09-27T20:09:45.6233366Z Prepare workflow directory
mine-and-evolve	Set up job	2026-09-27T20:09:45.6571488Z Prepare all required actions
mine-and-evolve	Set up job	2026-09-27T20:09:45.6620577Z Getting action download info
mine-and-evolve	Set up job	2026-09-27T20:09:46.0381672Z Download action repository 'actions/checkout@v4' (SHA:11d5960a326750d5838078e36cf38b85af677262)
mine-and-evolve	Set up job	2026-09-27T20:09:46.1747094Z Download action repository 'actions/setup-python@v5' (SHA:a26af69be951a213d495a4c3e4e4022e16d87065)
mine-and-evolve	Set up job	2026-09-27T20:09:46.4030564Z Complete job name: mine-and-evolve
mine-and-evolve	Clonar o Reposit├│rio	´╗┐2026-09-27T20:09:46.4817969Z ##[group]Run actions/checkout@v4
mine-and-evolve	Clonar o Reposit├│rio	2026-09-27T20:09:46.4818917Z with:
mine-and-evolve	Clonar o Reposit├│rio	2026-09-27T20:09:46.4819414Z   repository: ENDARTStudios/Nexus-Alpha
mine-and-evolve	Clonar o Reposit├│rio	2026-09-27T20:09:46.4823650Z   token: ***
mine-and-evolve	Clonar o Reposit├│rio	2026-09-27T20:09:46.4824143Z   ssh-strict: true
mine-and-evolve	Clonar o Reposit├│rio	2026-09-27T20:09:46.4824617Z   ssh-user: git
mine-and-evolve	Clonar o Reposit├│rio	2026-09-27T20:09:46.4825092Z   persist-credentials: true
mine-and-evolve	Clonar o Reposit├│rio	2026-09-27T20:09:46.4825604Z   clean: true
mine-and-evolve	Clonar o Reposit├│rio	2026-09-27T20:09:46.4826070Z   sparse-checkout-cone-mode: true
mine-and-evolve	Clonar o Reposit├│rio	2026-09-27T20:09:46.4826617Z   fetch-depth: 1
mine-and-evolve	Clonar o Reposit├│rio	2026-09-27T20:09:46.4827074Z   fetch-tags: false
mine-and-evolve	Clonar o Reposit├│rio	2026-09-27T20:09:46.4827537Z   show-progress: true
mine-and-evolve	Clonar o Reposit├│rio	2026-09-27T20:09:46.4828002Z   lfs: false
mine-and-evolve	Clonar o Reposit├│rio	2026-09-27T20:09:46.4828436Z   submodules: false
mine-and-evolve	Clonar o Reposit├│rio	2026-09-27T20:09:46.4828901Z   set-safe-directory: true
mine-and-evolve	Clonar o Reposit├│rio	2026-09-27T20:09:46.4829428Z   allow-unsafe-pr-checkout: false
mine-and-evolve	Clonar o Reposit├│rio	2026-09-27T20:09:46.4830288Z ##[endgroup]
mine-and-evolve	Clonar o Reposit├│rio	2026-09-27T20:09:46.5859273Z Syncing repository: ENDARTStudios/Nexus-Alpha
mine-and-evolve	Clonar o Reposit├│rio	2026-09-27T20:09:46.5862320Z ##[group]Getting Git version info
mine-and-evolve	Clonar o Reposit├│rio	2026-09-27T20:09:46.5863743Z Working directory is '/home/runner/work/Nexus-Alpha/Nexus-Alpha'
mine-and-evolve	Clonar o Reposit├│rio	2026-09-27T20:09:46.5865666Z [command]/usr/bin/git version
mine-and-evolve	Clonar o Reposit├│rio	2026-09-27T20:09:46.7348818Z git version 2.55.0
mine-and-evolve	Clonar o Reposit├│rio	2026-09-27T20:09:46.7373427Z ##[endgroup]
mine-and-evolve	Clonar o Reposit├│rio	2026-09-27T20:09:46.7388965Z Temporarily overriding HOME='/home/runner/work/_temp/c6aee75c-5663-44a7-866f-7c793611a6df' before making global git config changes
mine-and-evolve	Clonar o Reposit├│rio	2026-09-27T20:09:46.7390742Z Adding repository directory to the temporary git global config as a safe directory
mine-and-evolve	Clonar o Reposit├│rio	2026-09-27T20:09:46.7395288Z [command]/usr/bin/git config --global --add safe.directory /home/runner/work/Nexus-Alpha/Nexus-Alpha
mine-and-evolve	Clonar o Reposit├│rio	2026-09-27T20:09:46.7706599Z Deleting the contents of '/home/runner/work/Nexus-Alpha/Nexus-Alpha'
mine-and-evolve	Clonar o Reposit├│rio	2026-09-27T20:09:46.7712354Z ##[group]Initializing the repository
mine-and-evolve	Clonar o Reposit├│rio	2026-09-27T20:09:46.7717927Z [command]/usr/bin/git init /home/runner/work/Nexus-Alpha/Nexus-Alpha
mine-and-evolve	Clonar o Reposit├│rio	2026-09-27T20:09:46.8268569Z hint: Using 'master' as the name for the initial branch. This default branch name
mine-and-evolve	Clonar o Reposit├│rio	2026-09-27T20:09:46.8271670Z hint: will change to "main" in Git 3.0. To configure the initial branch name
mine-and-evolve	Clonar o Reposit├│rio	2026-09-27T20:09:46.8275037Z hint: to use in all of your new repositories, which will suppress this warning,
mine-and-evolve	Clonar o Reposit├│rio	2026-09-27T20:09:46.8277041Z hint: call:
mine-and-evolve	Clonar o Reposit├│rio	2026-09-27T20:09:46.8278145Z hint:
mine-and-evolve	Clonar o Reposit├│rio	2026-09-27T20:09:46.8279446Z hint: 	git config --global init.defaultBranch <name>
mine-and-evolve	Clonar o Reposit├│rio	2026-09-27T20:09:46.8281554Z hint:
mine-and-evolve	Clonar o Reposit├│rio	2026-09-27T20:09:46.8283308Z hint: Names commonly chosen instead of 'master' are 'main', 'trunk' and
mine-and-evolve	Clonar o Reposit├│rio	2026-09-27T20:09:46.8284986Z hint: 'development'. The just-created branch can be renamed via this command:
mine-and-evolve	Clonar o Reposit├│rio	2026-09-27T20:09:46.8286452Z hint:
mine-and-evolve	Clonar o Reposit├│rio	2026-09-27T20:09:46.8287279Z hint: 	git branch -m <name>
mine-and-evolve	Clonar o Reposit├│rio	2026-09-27T20:09:46.8288122Z hint:
mine-and-evolve	Clonar o Reposit├│rio	2026-09-27T20:09:46.8288991Z hint: Disable this message with "git config set advice.defaultBranchName false"
mine-and-evolve	Clonar o Reposit├│rio	2026-09-27T20:09:46.8290060Z Initialized empty Git repository in /home/runner/work/Nexus-Alpha/Nexus-Alpha/.git/
mine-and-evolve	Clonar o Reposit├│rio	2026-09-27T20:09:46.8292594Z [command]/usr/bin/git remote add origin https://github.com/ENDARTStudios/Nexus-Alpha
mine-and-evolve	Clonar o Reposit├│rio	2026-09-27T20:09:46.8627316Z ##[endgroup]
mine-and-evolve	Clonar o Reposit├│rio	2026-09-27T20:09:46.8628458Z ##[group]Disabling automatic garbage collection
mine-and-evolve	Clonar o Reposit├│rio	2026-09-27T20:09:46.8632131Z [command]/usr/bin/git config --local gc.auto 0
mine-and-evolve	Clonar o Reposit├│rio	2026-09-27T20:09:46.8668494Z ##[endgroup]
mine-and-evolve	Clonar o Reposit├│rio	2026-09-27T20:09:46.8669420Z ##[group]Setting up auth
mine-and-evolve	Clonar o Reposit├│rio	2026-09-27T20:09:46.8675946Z [command]/usr/bin/git config --local --name-only --get-regexp core\.sshCommand
mine-and-evolve	Clonar o Reposit├│rio	2026-09-27T20:09:46.8711034Z [command]/usr/bin/git submodule foreach --recursive sh -c "git config --local --name-only --get-regexp 'core\.sshCommand' && git config --local --unset-all 'core.sshCommand' || :"
mine-and-evolve	Clonar o Reposit├│rio	2026-09-27T20:09:47.1004949Z [command]/usr/bin/git config --local --name-only --get-regexp http\.https\:\/\/github\.com\/\.extraheader
mine-and-evolve	Clonar o Reposit├│rio	2026-09-27T20:09:47.1042314Z [command]/usr/bin/git submodule foreach --recursive sh -c "git config --local --name-only --get-regexp 'http\.https\:\/\/github\.com\/\.extraheader' && git config --local --unset-all 'http.https://github.com/.extraheader' || :"
mine-and-evolve	Clonar o Reposit├│rio	2026-09-27T20:09:47.1272212Z [command]/usr/bin/git config --local --name-only --get-regexp ^includeIf\.gitdir:
mine-and-evolve	Clonar o Reposit├│rio	2026-09-27T20:09:47.1309716Z [command]/usr/bin/git submodule foreach --recursive git config --local --show-origin --name-only --get-regexp remote.origin.url
mine-and-evolve	Clonar o Reposit├│rio	2026-09-27T20:09:47.1538065Z [command]/usr/bin/git config --local http.https://github.com/.extraheader AUTHORIZATION: basic ***
mine-and-evolve	Clonar o Reposit├│rio	2026-09-27T20:09:47.1581570Z ##[endgroup]
mine-and-evolve	Clonar o Reposit├│rio	2026-09-27T20:09:47.1583091Z ##[group]Fetching the repository
mine-and-evolve	Clonar o Reposit├│rio	2026-09-27T20:09:47.1592888Z [command]/usr/bin/git -c protocol.version=2 fetch --no-tags --prune --no-recurse-submodules --depth=1 origin +7c38c60527ffa3a694f8286aefb4cbf10c0317b5:refs/remotes/origin/main
mine-and-evolve	Clonar o Reposit├│rio	2026-09-27T20:09:48.1888759Z From https://github.com/ENDARTStudios/Nexus-Alpha
mine-and-evolve	Clonar o Reposit├│rio	2026-09-27T20:09:48.1891339Z  * [new ref]         7c38c60527ffa3a694f8286aefb4cbf10c0317b5 -> origin/main
mine-and-evolve	Clonar o Reposit├│rio	2026-09-27T20:09:48.1895672Z ##[endgroup]
mine-and-evolve	Clonar o Reposit├│rio	2026-09-27T20:09:48.1898086Z ##[group]Determining the checkout info
mine-and-evolve	Clonar o Reposit├│rio	2026-09-27T20:09:48.1900134Z ##[endgroup]
mine-and-evolve	Clonar o Reposit├│rio	2026-09-27T20:09:48.1905923Z [command]/usr/bin/git sparse-checkout disable
mine-and-evolve	Clonar o Reposit├│rio	2026-09-27T20:09:48.2107840Z [command]/usr/bin/git config --local --unset-all extensions.worktreeConfig
mine-and-evolve	Clonar o Reposit├│rio	2026-09-27T20:09:48.2142159Z ##[group]Checking out the ref
mine-and-evolve	Clonar o Reposit├│rio	2026-09-27T20:09:48.2147074Z [command]/usr/bin/git checkout --progress --force -B main refs/remotes/origin/main
mine-and-evolve	Clonar o Reposit├│rio	2026-09-27T20:09:48.2527363Z Switched to a new branch 'main'
mine-and-evolve	Clonar o Reposit├│rio	2026-09-27T20:09:48.2532972Z branch 'main' set up to track 'origin/main'.
mine-and-evolve	Clonar o Reposit├│rio	2026-09-27T20:09:48.2542362Z ##[endgroup]
mine-and-evolve	Clonar o Reposit├│rio	2026-09-27T20:09:48.2591186Z [command]/usr/bin/git log -1 --format=%H
mine-and-evolve	Clonar o Reposit├│rio	2026-09-27T20:09:48.2618276Z 7c38c60527ffa3a694f8286aefb4cbf10c0317b5
mine-and-evolve	Configurar Ambiente Python	´╗┐2026-09-27T20:09:48.2979033Z ##[group]Run actions/setup-python@v5
mine-and-evolve	Configurar Ambiente Python	2026-09-27T20:09:48.2980048Z with:
mine-and-evolve	Configurar Ambiente Python	2026-09-27T20:09:48.2980898Z   python-version: 3.10
mine-and-evolve	Configurar Ambiente Python	2026-09-27T20:09:48.2981600Z   cache: pip
mine-and-evolve	Configurar Ambiente Python	2026-09-27T20:09:48.2982199Z   check-latest: false
mine-and-evolve	Configurar Ambiente Python	2026-09-27T20:09:48.2991178Z   token: ***
mine-and-evolve	Configurar Ambiente Python	2026-09-27T20:09:48.2991840Z   update-environment: true
mine-and-evolve	Configurar Ambiente Python	2026-09-27T20:09:48.2992641Z   allow-prereleases: false
mine-and-evolve	Configurar Ambiente Python	2026-09-27T20:09:48.2993632Z   freethreaded: false
mine-and-evolve	Configurar Ambiente Python	2026-09-27T20:09:48.2994314Z ##[endgroup]
mine-and-evolve	Configurar Ambiente Python	2026-09-27T20:09:48.4360247Z ##[group]Installed versions
mine-and-evolve	Configurar Ambiente Python	2026-09-27T20:09:48.4998000Z (node:2241) [DEP0040] DeprecationWarning: The `punycode` module is deprecated. Please use a userland alternative instead.
mine-and-evolve	Configurar Ambiente Python	2026-09-27T20:09:48.5001658Z (Use `node --trace-deprecation ...` to show where the warning was created)
mine-and-evolve	Configurar Ambiente Python	2026-09-27T20:09:48.5003451Z Successfully set up CPython (3.10.21)
mine-and-evolve	Configurar Ambiente Python	2026-09-27T20:09:48.5005386Z ##[endgroup]
mine-and-evolve	Configurar Ambiente Python	2026-09-27T20:09:48.5856544Z [command]/opt/hostedtoolcache/Python/3.10.21/x64/bin/pip cache dir
mine-and-evolve	Configurar Ambiente Python	2026-09-27T20:09:50.3176264Z /home/runner/.cache/pip
mine-and-evolve	Configurar Ambiente Python	2026-09-27T20:09:50.6205380Z Cache hit for: setup-python-Linux-x64-24.04-Ubuntu-python-3.10.21-pip-37f034413a1cf5b2da694321b1af3dbe998806772480623b7def6b95af897cb2
mine-and-evolve	Configurar Ambiente Python	2026-09-27T20:09:50.6318939Z (node:2241) [DEP0169] DeprecationWarning: `url.parse()` behavior is not standardized and prone to errors that have security implications. Use the WHATWG URL API instead. CVEs are not issued for `url.parse()` vulnerabilities.
mine-and-evolve	Configurar Ambiente Python	2026-09-27T20:09:51.9046233Z Received 4194304 of 2984791711 (0.1%), 4.0 MBs/sec
mine-and-evolve	Configurar Ambiente Python	2026-09-27T20:09:52.9052721Z Received 113246208 of 2984791711 (3.8%), 54.0 MBs/sec
mine-and-evolve	Configurar Ambiente Python	2026-09-27T20:09:53.9060212Z Received 251658240 of 2984791711 (8.4%), 80.0 MBs/sec
mine-and-evolve	Configurar Ambiente Python	2026-09-27T20:09:54.9399160Z Received 402653184 of 2984791711 (13.5%), 95.2 MBs/sec
mine-and-evolve	Configurar Ambiente Python	2026-09-27T20:09:55.9399536Z Received 532676608 of 2984791711 (17.8%), 100.9 MBs/sec
mine-and-evolve	Configurar Ambiente Python	2026-09-27T20:09:56.9677577Z Received 671088640 of 2984791711 (22.5%), 105.6 MBs/sec
mine-and-evolve	Configurar Ambiente Python	2026-09-27T20:09:57.9693120Z Received 809500672 of 2984791711 (27.1%), 109.3 MBs/sec
mine-and-evolve	Configurar Ambiente Python	2026-09-27T20:09:58.9682898Z Received 977272832 of 2984791711 (32.7%), 115.6 MBs/sec
mine-and-evolve	Configurar Ambiente Python	2026-09-27T20:09:59.9741656Z Received 1132462080 of 2984791711 (37.9%), 119.2 MBs/sec
mine-and-evolve	Configurar Ambiente Python	2026-09-27T20:10:00.9698988Z Received 1245708288 of 2984791711 (41.7%), 118.0 MBs/sec
mine-and-evolve	Configurar Ambiente Python	2026-09-27T20:10:01.9713301Z Received 1371537408 of 2984791711 (46.0%), 118.2 MBs/sec
mine-and-evolve	Configurar Ambiente Python	2026-09-27T20:10:02.9718981Z Received 1505755136 of 2984791711 (50.4%), 119.0 MBs/sec
mine-and-evolve	Configurar Ambiente Python	2026-09-27T20:10:03.9716844Z Received 1614807040 of 2984791711 (54.1%), 117.9 MBs/sec
mine-and-evolve	Configurar Ambiente Python	2026-09-27T20:10:04.9726049Z Received 1744830464 of 2984791711 (58.5%), 118.3 MBs/sec
mine-and-evolve	Configurar Ambiente Python	2026-09-27T20:10:05.9761495Z Received 1866465280 of 2984791711 (62.5%), 118.1 MBs/sec
mine-and-evolve	Configurar Ambiente Python	2026-09-27T20:10:06.9740646Z Received 1996488704 of 2984791711 (66.9%), 118.5 MBs/sec
mine-and-evolve	Configurar Ambiente Python	2026-09-27T20:10:07.9783518Z Received 2097152000 of 2984791711 (70.3%), 117.1 MBs/sec
mine-and-evolve	Configurar Ambiente Python	2026-09-27T20:10:08.9802197Z Received 2227175424 of 2984791711 (74.6%), 117.5 MBs/sec
mine-and-evolve	Configurar Ambiente Python	2026-09-27T20:10:09.9790012Z Received 2336227328 of 2984791711 (78.3%), 116.8 MBs/sec
mine-and-evolve	Configurar Ambiente Python	2026-09-27T20:10:10.9790025Z Received 2445279232 of 2984791711 (81.9%), 116.2 MBs/sec
mine-and-evolve	Configurar Ambiente Python	2026-09-27T20:10:11.9793846Z Received 2550136832 of 2984791711 (85.4%), 115.4 MBs/sec
mine-and-evolve	Configurar Ambiente Python	2026-09-27T20:10:12.9799014Z Received 2675965952 of 2984791711 (89.7%), 115.6 MBs/sec
mine-and-evolve	Configurar Ambiente Python	2026-09-27T20:10:13.9806418Z Received 2780823552 of 2984791711 (93.2%), 114.9 MBs/sec
mine-and-evolve	Configurar Ambiente Python	2026-09-27T20:10:14.9803366Z Received 2856321024 of 2984791711 (95.7%), 113.1 MBs/sec
mine-and-evolve	Configurar Ambiente Python	2026-09-27T20:10:15.9815749Z Received 2977955840 of 2984791711 (99.8%), 113.3 MBs/sec
mine-and-evolve	Configurar Ambiente Python	2026-09-27T20:10:16.0168863Z Received 2984791711 of 2984791711 (100.0%), 113.4 MBs/sec
mine-and-evolve	Configurar Ambiente Python	2026-09-27T20:10:16.0169875Z Cache Size: ~2847 MB (2984791711 B)
mine-and-evolve	Configurar Ambiente Python	2026-09-27T20:10:16.0296239Z [command]/usr/bin/tar -xf /home/runner/work/_temp/4882284d-5f32-4e76-af46-daea93e1aa85/cache.tzst -P -C /home/runner/work/Nexus-Alpha/Nexus-Alpha --use-compress-program unzstd
mine-and-evolve	Configurar Ambiente Python	2026-09-27T20:10:21.0851073Z Cache restored successfully
mine-and-evolve	Configurar Ambiente Python	2026-09-27T20:10:21.2195276Z Cache restored from key: setup-python-Linux-x64-24.04-Ubuntu-python-3.10.21-pip-37f034413a1cf5b2da694321b1af3dbe998806772480623b7def6b95af897cb2
mine-and-evolve	Instalar Depend├¬ncias Operacionais	´╗┐2026-09-27T20:10:21.6756823Z ##[group]Run python -m pip install --upgrade pip
mine-and-evolve	Instalar Depend├¬ncias Operacionais	2026-09-27T20:10:21.6757463Z [36;1mpython -m pip install --upgrade pip[0m
mine-and-evolve	Instalar Depend├¬ncias Operacionais	2026-09-27T20:10:21.6758007Z [36;1mpip install -r requirements.txt[0m
mine-and-evolve	Instalar Depend├¬ncias Operacionais	2026-09-27T20:10:22.9956648Z shell: /usr/bin/bash -e {0}
mine-and-evolve	Instalar Depend├¬ncias Operacionais	2026-09-27T20:10:22.9957312Z env:
mine-and-evolve	Instalar Depend├¬ncias Operacionais	2026-09-27T20:10:22.9957724Z   pythonLocation: /opt/hostedtoolcache/Python/3.10.21/x64
mine-and-evolve	Instalar Depend├¬ncias Operacionais	2026-09-27T20:10:22.9958397Z   PKG_CONFIG_PATH: /opt/hostedtoolcache/Python/3.10.21/x64/lib/pkgconfig
mine-and-evolve	Instalar Depend├¬ncias Operacionais	2026-09-27T20:10:22.9959051Z   Python_ROOT_DIR: /opt/hostedtoolcache/Python/3.10.21/x64
mine-and-evolve	Instalar Depend├¬ncias Operacionais	2026-09-27T20:10:22.9959635Z   Python2_ROOT_DIR: /opt/hostedtoolcache/Python/3.10.21/x64
mine-and-evolve	Instalar Depend├¬ncias Operacionais	2026-09-27T20:10:22.9960211Z   Python3_ROOT_DIR: /opt/hostedtoolcache/Python/3.10.21/x64
mine-and-evolve	Instalar Depend├¬ncias Operacionais	2026-09-27T20:10:22.9961009Z   LD_LIBRARY_PATH: /opt/hostedtoolcache/Python/3.10.21/x64/lib
mine-and-evolve	Instalar Depend├¬ncias Operacionais	2026-09-27T20:10:22.9961513Z ##[endgroup]
mine-and-evolve	Instalar Depend├¬ncias Operacionais	2026-09-27T20:10:24.3754436Z Requirement already satisfied: pip in /opt/hostedtoolcache/Python/3.10.21/x64/lib/python3.10/site-packages (26.2.1)
mine-and-evolve	Instalar Depend├¬ncias Operacionais	2026-09-27T20:10:25.6051665Z Collecting httpx==0.27.0 (from -r requirements.txt (line 1))
mine-and-evolve	Instalar Depend├¬ncias Operacionais	2026-09-27T20:10:25.6069052Z   Using cached httpx-0.27.0-py3-none-any.whl.metadata (7.2 kB)
mine-and-evolve	Instalar Depend├¬ncias Operacionais	2026-09-27T20:10:25.6505821Z Collecting beautifulsoup4==4.12.3 (from -r requirements.txt (line 2))
mine-and-evolve	Instalar Depend├¬ncias Operacionais	2026-09-27T20:10:25.6521762Z   Using cached beautifulsoup4-4.12.3-py3-none-any.whl.metadata (3.8 kB)
mine-and-evolve	Instalar Depend├¬ncias Operacionais	2026-09-27T20:10:25.6803946Z Collecting neo4j==5.18.0 (from -r requirements.txt (line 3))
mine-and-evolve	Instalar Depend├¬ncias Operacionais	2026-09-27T20:10:25.6804934Z   Using cached neo4j-5.18.0-py3-none-any.whl
mine-and-evolve	Instalar Depend├¬ncias Operacionais	2026-09-27T20:10:25.7339584Z Collecting qdrant-client==1.8.0 (from -r requirements.txt (line 4))
mine-and-evolve	Instalar Depend├¬ncias Operacionais	2026-09-27T20:10:25.7354664Z   Using cached qdrant_client-1.8.0-py3-none-any.whl.metadata (9.5 kB)
mine-and-evolve	Instalar Depend├¬ncias Operacionais	2026-09-27T20:10:25.7959237Z Collecting langchain-core==0.1.30 (from -r requirements.txt (line 5))
mine-and-evolve	Instalar Depend├¬ncias Operacionais	2026-09-27T20:10:25.7974974Z   Using cached langchain_core-0.1.30-py3-none-any.whl.metadata (6.0 kB)
mine-and-evolve	Instalar Depend├¬ncias Operacionais	2026-09-27T20:10:25.9365751Z Collecting pydantic==2.6.4 (from -r requirements.txt (line 6))
mine-and-evolve	Instalar Depend├¬ncias Operacionais	2026-09-27T20:10:25.9389575Z   Using cached pydantic-2.6.4-py3-none-any.whl.metadata (85 kB)
mine-and-evolve	Instalar Depend├¬ncias Operacionais	2026-09-27T20:10:25.9878289Z Collecting PyYAML==6.0.1 (from -r requirements.txt (line 7))
mine-and-evolve	Instalar Depend├¬ncias Operacionais	2026-09-27T20:10:25.9894256Z   Using cached PyYAML-6.0.1-cp310-cp310-manylinux_2_17_x86_64.manylinux2014_x86_64.whl.metadata (2.1 kB)
mine-and-evolve	Instalar Depend├¬ncias Operacionais	2026-09-27T20:10:26.0243322Z Collecting pytest==8.0.0 (from -r requirements.txt (line 8))
mine-and-evolve	Instalar Depend├¬ncias Operacionais	2026-09-27T20:10:26.0258983Z   Using cached pytest-8.0.0-py3-none-any.whl.metadata (7.8 kB)
mine-and-evolve	Instalar Depend├¬ncias Operacionais	2026-09-27T20:10:26.0516410Z Collecting pytest-asyncio==0.23.5 (from -r requirements.txt (line 9))
mine-and-evolve	Instalar Depend├¬ncias Operacionais	2026-09-27T20:10:26.0530227Z   Using cached pytest_asyncio-0.23.5-py3-none-any.whl.metadata (3.9 kB)
mine-and-evolve	Instalar Depend├¬ncias Operacionais	2026-09-27T20:10:26.1031801Z Collecting streamlit==1.32.0 (from -r requirements.txt (line 10))
mine-and-evolve	Instalar Depend├¬ncias Operacionais	2026-09-27T20:10:26.1046931Z   Using cached streamlit-1.32.0-py2.py3-none-any.whl.metadata (8.5 kB)
mine-and-evolve	Instalar Depend├¬ncias Operacionais	2026-09-27T20:10:26.2485223Z Collecting spacy==3.7.2 (from -r requirements.txt (line 11))
mine-and-evolve	Instalar Depend├¬ncias Operacionais	2026-09-27T20:10:26.2501853Z   Using cached spacy-3.7.2-cp310-cp310-manylinux_2_17_x86_64.manylinux2014_x86_64.whl.metadata (25 kB)
mine-and-evolve	Instalar Depend├¬ncias Operacionais	2026-09-27T20:10:26.3267509Z Collecting fastapi==0.110.0 (from -r requirements.txt (line 12))
mine-and-evolve	Instalar Depend├¬ncias Operacionais	2026-09-27T20:10:26.3283340Z   Using cached fastapi-0.110.0-py3-none-any.whl.metadata (25 kB)
mine-and-evolve	Instalar Depend├¬ncias Operacionais	2026-09-27T20:10:26.3631203Z Collecting uvicorn==0.27.1 (from -r requirements.txt (line 13))
mine-and-evolve	Instalar Depend├¬ncias Operacionais	2026-09-27T20:10:26.3646216Z   Using cached uvicorn-0.27.1-py3-none-any.whl.metadata (6.3 kB)
mine-and-evolve	Instalar Depend├¬ncias Operacionais	2026-09-27T20:10:26.4089900Z Collecting transformers==4.38.0 (from -r requirements.txt (line 14))
mine-and-evolve	Instalar Depend├¬ncias Operacionais	2026-09-27T20:10:26.4104377Z   Using cached transformers-4.38.0-py3-none-any.whl.metadata (131 kB)
mine-and-evolve	Instalar Depend├¬ncias Operacionais	2026-09-27T20:10:26.6179351Z Collecting torch==2.2.0 (from -r requirements.txt (line 15))
mine-and-evolve	Instalar Depend├¬ncias Operacionais	2026-09-27T20:10:26.6195080Z   Using cached torch-2.2.0-cp310-cp310-manylinux1_x86_64.whl.metadata (25 kB)
mine-and-evolve	Instalar Depend├¬ncias Operacionais	2026-09-27T20:10:26.6498174Z Collecting anyio (from httpx==0.27.0->-r requirements.txt (line 1))
mine-and-evolve	Instalar Depend├¬ncias Operacionais	2026-09-27T20:10:26.6512288Z   Using cached anyio-4.15.1-py3-none-any.whl.metadata (4.7 kB)
mine-and-evolve	Instalar Depend├¬ncias Operacionais	2026-09-27T20:10:26.6781836Z Collecting certifi (from httpx==0.27.0->-r requirements.txt (line 1))
mine-and-evolve	Instalar Depend├¬ncias Operacionais	2026-09-27T20:10:26.6795741Z   Using cached certifi-2026.7.22-py3-none-any.whl.metadata (2.5 kB)
mine-and-evolve	Instalar Depend├¬ncias Operacionais	2026-09-27T20:10:26.7022268Z Collecting httpcore==1.* (from httpx==0.27.0->-r requirements.txt (line 1))
mine-and-evolve	Instalar Depend├¬ncias Operacionais	2026-09-27T20:10:26.7036696Z   Using cached httpcore-1.0.9-py3-none-any.whl.metadata (21 kB)
mine-and-evolve	Instalar Depend├¬ncias Operacionais	2026-09-27T20:10:26.7266318Z Collecting idna (from httpx==0.27.0->-r requirements.txt (line 1))
mine-and-evolve	Instalar Depend├¬ncias Operacionais	2026-09-27T20:10:26.7953084Z   Downloading idna-3.20-py3-none-any.whl.metadata (7.2 kB)
mine-and-evolve	Instalar Depend├¬ncias Operacionais	2026-09-27T20:10:26.8171636Z Collecting sniffio (from httpx==0.27.0->-r requirements.txt (line 1))
mine-and-evolve	Instalar Depend├¬ncias Operacionais	2026-09-27T20:10:26.8186497Z   Using cached sniffio-1.3.1-py3-none-any.whl.metadata (3.9 kB)
mine-and-evolve	Instalar Depend├¬ncias Operacionais	2026-09-27T20:10:26.8445952Z Collecting soupsieve>1.2 (from beautifulsoup4==4.12.3->-r requirements.txt (line 2))
mine-and-evolve	Instalar Depend├¬ncias Operacionais	2026-09-27T20:10:26.8560500Z   Downloading soupsieve-2.10-py3-none-any.whl.metadata (4.4 kB)
mine-and-evolve	Instalar Depend├¬ncias Operacionais	2026-09-27T20:10:26.9092815Z Collecting pytz (from neo4j==5.18.0->-r requirements.txt (line 3))
mine-and-evolve	Instalar Depend├¬ncias Operacionais	2026-09-27T20:10:26.9204492Z   Downloading pytz-2026.4-py2.py3-none-any.whl.metadata (22 kB)
mine-and-evolve	Instalar Depend├¬ncias Operacionais	2026-09-27T20:10:27.5801323Z Collecting grpcio>=1.41.0 (from qdrant-client==1.8.0->-r requirements.txt (line 4))
mine-and-evolve	Instalar Depend├¬ncias Operacionais	2026-09-27T20:10:27.5921074Z   Downloading grpcio-1.84.0-cp310-cp310-manylinux2014_x86_64.manylinux_2_17_x86_64.whl.metadata (3.8 kB)
mine-and-evolve	Instalar Depend├¬ncias Operacionais	2026-09-27T20:10:28.3079398Z Collecting grpcio-tools>=1.41.0 (from qdrant-client==1.8.0->-r requirements.txt (line 4))
mine-and-evolve	Instalar Depend├¬ncias Operacionais	2026-09-27T20:10:28.3207484Z   Downloading grpcio_tools-1.84.0-cp310-cp310-manylinux2014_x86_64.manylinux_2_17_x86_64.whl.metadata (5.3 kB)
mine-and-evolve	Instalar Depend├¬ncias Operacionais	2026-09-27T20:10:28.5658095Z Collecting numpy>=1.21 (from qdrant-client==1.8.0->-r requirements.txt (line 4))
mine-and-evolve	Instalar Depend├¬ncias Operacionais	2026-09-27T20:10:28.5675313Z   Using cached numpy-2.2.6-cp310-cp310-manylinux_2_17_x86_64.manylinux2014_x86_64.whl.metadata (62 kB)
mine-and-evolve	Instalar Depend├¬ncias Operacionais	2026-09-27T20:10:28.5946055Z Collecting portalocker<3.0.0,>=2.7.0 (from qdrant-client==1.8.0->-r requirements.txt (line 4))
mine-and-evolve	Instalar Depend├¬ncias Operacionais	2026-09-27T20:10:28.5960916Z   Using cached portalocker-2.10.1-py3-none-any.whl.metadata (8.5 kB)
mine-and-evolve	Instalar Depend├¬ncias Operacionais	2026-09-27T20:10:28.6351157Z Collecting urllib3<3,>=1.26.14 (from qdrant-client==1.8.0->-r requirements.txt (line 4))
mine-and-evolve	Instalar Depend├¬ncias Operacionais	2026-09-27T20:10:28.6458485Z   Downloading urllib3-2.8.0-py3-none-any.whl.metadata (7.4 kB)
mine-and-evolve	Instalar Depend├¬ncias Operacionais	2026-09-27T20:10:28.6739876Z Collecting jsonpatch<2.0,>=1.33 (from langchain-core==0.1.30->-r requirements.txt (line 5))
mine-and-evolve	Instalar Depend├¬ncias Operacionais	2026-09-27T20:10:28.6755617Z   Using cached jsonpatch-1.33-py2.py3-none-any.whl.metadata (3.0 kB)
mine-and-evolve	Instalar Depend├¬ncias Operacionais	2026-09-27T20:10:28.7649508Z Collecting langsmith<0.2.0,>=0.1.0 (from langchain-core==0.1.30->-r requirements.txt (line 5))
mine-and-evolve	Instalar Depend├¬ncias Operacionais	2026-09-27T20:10:28.7666175Z   Using cached langsmith-0.1.147-py3-none-any.whl.metadata (14 kB)
mine-and-evolve	Instalar Depend├¬ncias Operacionais	2026-09-27T20:10:28.7896890Z Collecting packaging<24.0,>=23.2 (from langchain-core==0.1.30->-r requirements.txt (line 5))
mine-and-evolve	Instalar Depend├¬ncias Operacionais	2026-09-27T20:10:28.7910784Z   Using cached packaging-23.2-py3-none-any.whl.metadata (3.2 kB)
mine-and-evolve	Instalar Depend├¬ncias Operacionais	2026-09-27T20:10:28.8315013Z Collecting requests<3,>=2 (from langchain-core==0.1.30->-r requirements.txt (line 5))
mine-and-evolve	Instalar Depend├¬ncias Operacionais	2026-09-27T20:10:28.8329554Z   Using cached requests-2.34.2-py3-none-any.whl.metadata (4.8 kB)
mine-and-evolve	Instalar Depend├¬ncias Operacionais	2026-09-27T20:10:28.8553708Z Collecting tenacity<9.0.0,>=8.1.0 (from langchain-core==0.1.30->-r requirements.txt (line 5))
mine-and-evolve	Instalar Depend├¬ncias Operacionais	2026-09-27T20:10:28.8568004Z   Using cached tenacity-8.5.0-py3-none-any.whl.metadata (1.2 kB)
mine-and-evolve	Instalar Depend├¬ncias Operacionais	2026-09-27T20:10:28.8745333Z Collecting annotated-types>=0.4.0 (from pydantic==2.6.4->-r requirements.txt (line 6))
mine-and-evolve	Instalar Depend├¬ncias Operacionais	2026-09-27T20:10:28.8760112Z   Using cached annotated_types-0.8.0-py3-none-any.whl.metadata (15 kB)
mine-and-evolve	Instalar Depend├¬ncias Operacionais	2026-09-27T20:10:29.7615483Z Collecting pydantic-core==2.16.3 (from pydantic==2.6.4->-r requirements.txt (line 6))
mine-and-evolve	Instalar Depend├¬ncias Operacionais	2026-09-27T20:10:29.7633448Z   Using cached pydantic_core-2.16.3-cp310-cp310-manylinux_2_17_x86_64.manylinux2014_x86_64.whl.metadata (6.5 kB)
mine-and-evolve	Instalar Depend├¬ncias Operacionais	2026-09-27T20:10:29.7896363Z Collecting typing-extensions>=4.6.1 (from pydantic==2.6.4->-r requirements.txt (line 6))
mine-and-evolve	Instalar Depend├¬ncias Operacionais	2026-09-27T20:10:29.7912333Z   Using cached typing_extensions-4.16.0-py3-none-any.whl.metadata (3.3 kB)
mine-and-evolve	Instalar Depend├¬ncias Operacionais	2026-09-27T20:10:29.8111306Z Collecting iniconfig (from pytest==8.0.0->-r requirements.txt (line 8))
mine-and-evolve	Instalar Depend├¬ncias Operacionais	2026-09-27T20:10:29.8126446Z   Using cached iniconfig-2.3.0-py3-none-any.whl.metadata (2.5 kB)
mine-and-evolve	Instalar Depend├¬ncias Operacionais	2026-09-27T20:10:29.8310807Z Collecting pluggy<2.0,>=1.3.0 (from pytest==8.0.0->-r requirements.txt (line 8))
mine-and-evolve	Instalar Depend├¬ncias Operacionais	2026-09-27T20:10:29.8325464Z   Using cached pluggy-1.6.0-py3-none-any.whl.metadata (4.8 kB)
mine-and-evolve	Instalar Depend├¬ncias Operacionais	2026-09-27T20:10:29.8523958Z Collecting exceptiongroup>=1.0.0rc8 (from pytest==8.0.0->-r requirements.txt (line 8))
mine-and-evolve	Instalar Depend├¬ncias Operacionais	2026-09-27T20:10:29.8537918Z   Using cached exceptiongroup-1.3.1-py3-none-any.whl.metadata (6.7 kB)
mine-and-evolve	Instalar Depend├¬ncias Operacionais	2026-09-27T20:10:29.8844588Z Collecting tomli>=1.0.0 (from pytest==8.0.0->-r requirements.txt (line 8))
mine-and-evolve	Instalar Depend├¬ncias Operacionais	2026-09-27T20:10:29.8858925Z   Using cached tomli-2.4.1-py3-none-any.whl.metadata (10 kB)
mine-and-evolve	Instalar Depend├¬ncias Operacionais	2026-09-27T20:10:29.9179987Z Collecting altair<6,>=4.0 (from streamlit==1.32.0->-r requirements.txt (line 10))
mine-and-evolve	Instalar Depend├¬ncias Operacionais	2026-09-27T20:10:29.9194445Z   Using cached altair-5.5.0-py3-none-any.whl.metadata (11 kB)
mine-and-evolve	Instalar Depend├¬ncias Operacionais	2026-09-27T20:10:29.9415217Z Collecting blinker<2,>=1.0.0 (from streamlit==1.32.0->-r requirements.txt (line 10))
mine-and-evolve	Instalar Depend├¬ncias Operacionais	2026-09-27T20:10:29.9429761Z   Using cached blinker-1.9.0-py3-none-any.whl.metadata (1.6 kB)
mine-and-evolve	Instalar Depend├¬ncias Operacionais	2026-09-27T20:10:29.9677097Z Collecting cachetools<6,>=4.0 (from streamlit==1.32.0->-r requirements.txt (line 10))
mine-and-evolve	Instalar Depend├¬ncias Operacionais	2026-09-27T20:10:29.9691815Z   Using cached cachetools-5.5.2-py3-none-any.whl.metadata (5.4 kB)
mine-and-evolve	Instalar Depend├¬ncias Operacionais	2026-09-27T20:10:29.9925797Z Collecting click<9,>=7.0 (from streamlit==1.32.0->-r requirements.txt (line 10))
mine-and-evolve	Instalar Depend├¬ncias Operacionais	2026-09-27T20:10:29.9939698Z   Using cached click-8.5.0-py3-none-any.whl.metadata (2.6 kB)
mine-and-evolve	Instalar Depend├¬ncias Operacionais	2026-09-27T20:10:29.9989527Z Collecting numpy>=1.21 (from qdrant-client==1.8.0->-r requirements.txt (line 4))
mine-and-evolve	Instalar Depend├¬ncias Operacionais	2026-09-27T20:10:30.0003832Z   Using cached numpy-1.26.4-cp310-cp310-manylinux_2_17_x86_64.manylinux2014_x86_64.whl.metadata (61 kB)
mine-and-evolve	Instalar Depend├¬ncias Operacionais	2026-09-27T20:10:30.1996591Z Collecting pandas<3,>=1.3.0 (from streamlit==1.32.0->-r requirements.txt (line 10))
mine-and-evolve	Instalar Depend├¬ncias Operacionais	2026-09-27T20:10:30.2014521Z   Using cached pandas-2.3.3-cp310-cp310-manylinux_2_24_x86_64.manylinux_2_28_x86_64.whl.metadata (91 kB)
mine-and-evolve	Instalar Depend├¬ncias Operacionais	2026-09-27T20:10:30.4328527Z Collecting pillow<11,>=7.1.0 (from streamlit==1.32.0->-r requirements.txt (line 10))
mine-and-evolve	Instalar Depend├¬ncias Operacionais	2026-09-27T20:10:30.4345839Z   Using cached pillow-10.4.0-cp310-cp310-manylinux_2_28_x86_64.whl.metadata (9.2 kB)
mine-and-evolve	Instalar Depend├¬ncias Operacionais	2026-09-27T20:10:30.6238631Z Collecting protobuf<5,>=3.20 (from streamlit==1.32.0->-r requirements.txt (line 10))
mine-and-evolve	Instalar Depend├¬ncias Operacionais	2026-09-27T20:10:30.6256043Z   Using cached protobuf-4.25.9-cp37-abi3-manylinux2014_x86_64.whl.metadata (541 bytes)
mine-and-evolve	Instalar Depend├¬ncias Operacionais	2026-09-27T20:10:30.7763925Z Collecting pyarrow>=7.0 (from streamlit==1.32.0->-r requirements.txt (line 10))
mine-and-evolve	Instalar Depend├¬ncias Operacionais	2026-09-27T20:10:30.7781178Z   Using cached pyarrow-25.0.1-cp310-cp310-manylinux_2_28_x86_64.whl.metadata (3.0 kB)
mine-and-evolve	Instalar Depend├¬ncias Operacionais	2026-09-27T20:10:30.8235163Z Collecting rich<14,>=10.14.0 (from streamlit==1.32.0->-r requirements.txt (line 10))
mine-and-evolve	Instalar Depend├¬ncias Operacionais	2026-09-27T20:10:30.8250388Z   Using cached rich-13.9.4-py3-none-any.whl.metadata (18 kB)
mine-and-evolve	Instalar Depend├¬ncias Operacionais	2026-09-27T20:10:30.8441579Z Collecting toml<2,>=0.10.1 (from streamlit==1.32.0->-r requirements.txt (line 10))
mine-and-evolve	Instalar Depend├¬ncias Operacionais	2026-09-27T20:10:30.8461181Z   Using cached toml-0.10.2-py2.py3-none-any.whl.metadata (7.1 kB)
mine-and-evolve	Instalar Depend├¬ncias Operacionais	2026-09-27T20:10:30.8803652Z Collecting gitpython!=3.1.19,<4,>=3.0.7 (from streamlit==1.32.0->-r requirements.txt (line 10))
mine-and-evolve	Instalar Depend├¬ncias Operacionais	2026-09-27T20:10:30.8818598Z   Using cached gitpython-3.1.62-py3-none-any.whl.metadata (13 kB)
mine-and-evolve	Instalar Depend├¬ncias Operacionais	2026-09-27T20:10:30.9073427Z Collecting pydeck<1,>=0.8.0b4 (from streamlit==1.32.0->-r requirements.txt (line 10))
mine-and-evolve	Instalar Depend├¬ncias Operacionais	2026-09-27T20:10:30.9087830Z   Using cached pydeck-0.9.3-py2.py3-none-any.whl.metadata (4.2 kB)
mine-and-evolve	Instalar Depend├¬ncias Operacionais	2026-09-27T20:10:30.9615741Z Collecting tornado<7,>=6.0.3 (from streamlit==1.32.0->-r requirements.txt (line 10))
mine-and-evolve	Instalar Depend├¬ncias Operacionais	2026-09-27T20:10:30.9724350Z   Downloading tornado-6.5.10-cp39-abi3-manylinux1_x86_64.manylinux_2_28_x86_64.manylinux_2_5_x86_64.whl.metadata (2.8 kB)
mine-and-evolve	Instalar Depend├¬ncias Operacionais	2026-09-27T20:10:31.0291706Z Collecting watchdog>=2.1.5 (from streamlit==1.32.0->-r requirements.txt (line 10))
mine-and-evolve	Instalar Depend├¬ncias Operacionais	2026-09-27T20:10:31.0308494Z   Using cached watchdog-6.0.0-py3-none-manylinux2014_x86_64.whl.metadata (44 kB)
mine-and-evolve	Instalar Depend├¬ncias Operacionais	2026-09-27T20:10:31.0528642Z Collecting spacy-legacy<3.1.0,>=3.0.11 (from spacy==3.7.2->-r requirements.txt (line 11))
mine-and-evolve	Instalar Depend├¬ncias Operacionais	2026-09-27T20:10:31.0543973Z   Using cached spacy_legacy-3.0.12-py2.py3-none-any.whl.metadata (2.8 kB)
mine-and-evolve	Instalar Depend├¬ncias Operacionais	2026-09-27T20:10:31.0727199Z Collecting spacy-loggers<2.0.0,>=1.0.0 (from spacy==3.7.2->-r requirements.txt (line 11))
mine-and-evolve	Instalar Depend├¬ncias Operacionais	2026-09-27T20:10:31.0743330Z   Using cached spacy_loggers-1.0.5-py3-none-any.whl.metadata (23 kB)
mine-and-evolve	Instalar Depend├¬ncias Operacionais	2026-09-27T20:10:31.1251326Z Collecting murmurhash<1.1.0,>=0.28.0 (from spacy==3.7.2->-r requirements.txt (line 11))
mine-and-evolve	Instalar Depend├¬ncias Operacionais	2026-09-27T20:10:31.1267868Z   Using cached murmurhash-1.0.15-cp310-cp310-manylinux1_x86_64.manylinux2014_x86_64.manylinux_2_17_x86_64.manylinux_2_5_x86_64.whl.metadata (2.3 kB)
mine-and-evolve	Instalar Depend├¬ncias Operacionais	2026-09-27T20:10:31.1893914Z Collecting cymem<2.1.0,>=2.0.2 (from spacy==3.7.2->-r requirements.txt (line 11))
mine-and-evolve	Instalar Depend├¬ncias Operacionais	2026-09-27T20:10:31.1909505Z   Using cached cymem-2.0.13-cp310-cp310-manylinux2014_x86_64.manylinux_2_17_x86_64.whl.metadata (9.7 kB)
mine-and-evolve	Instalar Depend├¬ncias Operacionais	2026-09-27T20:10:31.2365561Z Collecting preshed<3.1.0,>=3.0.2 (from spacy==3.7.2->-r requirements.txt (line 11))
mine-and-evolve	Instalar Depend├¬ncias Operacionais	2026-09-27T20:10:31.2381381Z   Using cached preshed-3.0.13-cp310-cp310-manylinux2014_x86_64.manylinux_2_17_x86_64.whl.metadata (5.2 kB)
mine-and-evolve	Instalar Depend├¬ncias Operacionais	2026-09-27T20:10:31.3977012Z Collecting thinc<8.3.0,>=8.1.8 (from spacy==3.7.2->-r requirements.txt (line 11))
mine-and-evolve	Instalar Depend├¬ncias Operacionais	2026-09-27T20:10:31.3994427Z   Using cached thinc-8.2.5-cp310-cp310-manylinux_2_17_x86_64.manylinux2014_x86_64.whl.metadata (15 kB)
mine-and-evolve	Instalar Depend├¬ncias Operacionais	2026-09-27T20:10:31.4308041Z Collecting wasabi<1.2.0,>=0.9.1 (from spacy==3.7.2->-r requirements.txt (line 11))
mine-and-evolve	Instalar Depend├¬ncias Operacionais	2026-09-27T20:10:31.4322808Z   Using cached wasabi-1.1.3-py3-none-any.whl.metadata (28 kB)
mine-and-evolve	Instalar Depend├¬ncias Operacionais	2026-09-27T20:10:31.4931787Z Collecting srsly<3.0.0,>=2.4.3 (from spacy==3.7.2->-r requirements.txt (line 11))
mine-and-evolve	Instalar Depend├¬ncias Operacionais	2026-09-27T20:10:31.4947714Z   Using cached srsly-2.5.3-cp310-cp310-manylinux2014_x86_64.manylinux_2_17_x86_64.whl.metadata (19 kB)
mine-and-evolve	Instalar Depend├¬ncias Operacionais	2026-09-27T20:10:31.5148070Z Collecting catalogue<2.1.0,>=2.0.6 (from spacy==3.7.2->-r requirements.txt (line 11))
mine-and-evolve	Instalar Depend├¬ncias Operacionais	2026-09-27T20:10:31.5163089Z   Using cached catalogue-2.0.10-py3-none-any.whl.metadata (14 kB)
mine-and-evolve	Instalar Depend├¬ncias Operacionais	2026-09-27T20:10:31.5362615Z Collecting weasel<0.4.0,>=0.1.0 (from spacy==3.7.2->-r requirements.txt (line 11))
mine-and-evolve	Instalar Depend├¬ncias Operacionais	2026-09-27T20:10:31.5377352Z   Using cached weasel-0.3.4-py3-none-any.whl.metadata (4.7 kB)
mine-and-evolve	Instalar Depend├¬ncias Operacionais	2026-09-27T20:10:31.6226677Z Collecting typer<0.10.0,>=0.3.0 (from spacy==3.7.2->-r requirements.txt (line 11))
mine-and-evolve	Instalar Depend├¬ncias Operacionais	2026-09-27T20:10:31.6246921Z   Using cached typer-0.9.4-py3-none-any.whl.metadata (14 kB)
mine-and-evolve	Instalar Depend├¬ncias Operacionais	2026-09-27T20:10:31.6523026Z Collecting smart-open<7.0.0,>=5.2.1 (from spacy==3.7.2->-r requirements.txt (line 11))
mine-and-evolve	Instalar Depend├¬ncias Operacionais	2026-09-27T20:10:31.6538403Z   Using cached smart_open-6.4.0-py3-none-any.whl.metadata (21 kB)
mine-and-evolve	Instalar Depend├¬ncias Operacionais	2026-09-27T20:10:31.6979357Z Collecting tqdm<5.0.0,>=4.38.0 (from spacy==3.7.2->-r requirements.txt (line 11))
mine-and-evolve	Instalar Depend├¬ncias Operacionais	2026-09-27T20:10:31.7091177Z   Downloading tqdm-4.70.1-py3-none-any.whl.metadata (57 kB)
mine-and-evolve	Instalar Depend├¬ncias Operacionais	2026-09-27T20:10:31.7527811Z Collecting jinja2 (from spacy==3.7.2->-r requirements.txt (line 11))
mine-and-evolve	Instalar Depend├¬ncias Operacionais	2026-09-27T20:10:31.7542780Z   Using cached jinja2-3.1.6-py3-none-any.whl.metadata (2.9 kB)
mine-and-evolve	Instalar Depend├¬ncias Operacionais	2026-09-27T20:10:31.7556367Z Requirement already satisfied: setuptools in /opt/hostedtoolcache/Python/3.10.21/x64/lib/python3.10/site-packages (from spacy==3.7.2->-r requirements.txt (line 11)) (79.0.1)
mine-and-evolve	Instalar Depend├¬ncias Operacionais	2026-09-27T20:10:31.7740215Z Collecting langcodes<4.0.0,>=3.2.0 (from spacy==3.7.2->-r requirements.txt (line 11))
mine-and-evolve	Instalar Depend├¬ncias Operacionais	2026-09-27T20:10:31.7756104Z   Using cached langcodes-3.5.1-py3-none-any.whl.metadata (30 kB)
mine-and-evolve	Instalar Depend├¬ncias Operacionais	2026-09-27T20:10:31.8184891Z Collecting starlette<0.37.0,>=0.36.3 (from fastapi==0.110.0->-r requirements.txt (line 12))
mine-and-evolve	Instalar Depend├¬ncias Operacionais	2026-09-27T20:10:31.8199310Z   Using cached starlette-0.36.3-py3-none-any.whl.metadata (5.9 kB)
mine-and-evolve	Instalar Depend├¬ncias Operacionais	2026-09-27T20:10:31.8425752Z Collecting h11>=0.8 (from uvicorn==0.27.1->-r requirements.txt (line 13))
mine-and-evolve	Instalar Depend├¬ncias Operacionais	2026-09-27T20:10:31.8440173Z   Using cached h11-0.16.0-py3-none-any.whl.metadata (8.3 kB)
mine-and-evolve	Instalar Depend├¬ncias Operacionais	2026-09-27T20:10:31.8814020Z Collecting filelock (from transformers==4.38.0->-r requirements.txt (line 14))
mine-and-evolve	Instalar Depend├¬ncias Operacionais	2026-09-27T20:10:31.8918289Z   Downloading filelock-4.0.4-py3-none-any.whl.metadata (2.0 kB)
mine-and-evolve	Instalar Depend├¬ncias Operacionais	2026-09-27T20:10:31.9588794Z Collecting huggingface-hub<1.0,>=0.19.3 (from transformers==4.38.0->-r requirements.txt (line 14))
mine-and-evolve	Instalar Depend├¬ncias Operacionais	2026-09-27T20:10:31.9604964Z   Using cached huggingface_hub-0.36.2-py3-none-any.whl.metadata (15 kB)
mine-and-evolve	Instalar Depend├¬ncias Operacionais	2026-09-27T20:10:32.5463830Z Collecting regex!=2019.12.17 (from transformers==4.38.0->-r requirements.txt (line 14))
mine-and-evolve	Instalar Depend├¬ncias Operacionais	2026-09-27T20:10:32.5607205Z   Downloading regex-2026.9.10-cp310-cp310-manylinux2014_x86_64.manylinux_2_17_x86_64.manylinux_2_28_x86_64.whl.metadata (40 kB)
mine-and-evolve	Instalar Depend├¬ncias Operacionais	2026-09-27T20:10:32.7414012Z Collecting tokenizers<0.19,>=0.14 (from transformers==4.38.0->-r requirements.txt (line 14))
mine-and-evolve	Instalar Depend├¬ncias Operacionais	2026-09-27T20:10:32.7431201Z   Using cached tokenizers-0.15.2-cp310-cp310-manylinux_2_17_x86_64.manylinux2014_x86_64.whl.metadata (6.7 kB)
mine-and-evolve	Instalar Depend├¬ncias Operacionais	2026-09-27T20:10:32.8940112Z Collecting safetensors>=0.4.1 (from transformers==4.38.0->-r requirements.txt (line 14))
mine-and-evolve	Instalar Depend├¬ncias Operacionais	2026-09-27T20:10:32.8957989Z   Using cached safetensors-0.8.0-cp310-abi3-manylinux_2_17_x86_64.manylinux2014_x86_64.whl.metadata (4.2 kB)
mine-and-evolve	Instalar Depend├¬ncias Operacionais	2026-09-27T20:10:32.9347828Z Collecting sympy (from torch==2.2.0->-r requirements.txt (line 15))
mine-and-evolve	Instalar Depend├¬ncias Operacionais	2026-09-27T20:10:32.9363021Z   Using cached sympy-1.14.0-py3-none-any.whl.metadata (12 kB)
mine-and-evolve	Instalar Depend├¬ncias Operacionais	2026-09-27T20:10:32.9682920Z Collecting networkx (from torch==2.2.0->-r requirements.txt (line 15))
mine-and-evolve	Instalar Depend├¬ncias Operacionais	2026-09-27T20:10:32.9698044Z   Using cached networkx-3.4.2-py3-none-any.whl.metadata (6.3 kB)
mine-and-evolve	Instalar Depend├¬ncias Operacionais	2026-09-27T20:10:33.0051746Z Collecting fsspec (from torch==2.2.0->-r requirements.txt (line 15))
mine-and-evolve	Instalar Depend├¬ncias Operacionais	2026-09-27T20:10:33.0188199Z   Downloading fsspec-2026.9.0-py3-none-any.whl.metadata (10 kB)
mine-and-evolve	Instalar Depend├¬ncias Operacionais	2026-09-27T20:10:33.0699052Z Collecting nvidia-cuda-nvrtc-cu12==12.1.105 (from torch==2.2.0->-r requirements.txt (line 15))
mine-and-evolve	Instalar Depend├¬ncias Operacionais	2026-09-27T20:10:33.0715770Z   Using cached nvidia_cuda_nvrtc_cu12-12.1.105-py3-none-manylinux1_x86_64.whl.metadata (1.5 kB)
mine-and-evolve	Instalar Depend├¬ncias Operacionais	2026-09-27T20:10:33.0918391Z Collecting nvidia-cuda-runtime-cu12==12.1.105 (from torch==2.2.0->-r requirements.txt (line 15))
mine-and-evolve	Instalar Depend├¬ncias Operacionais	2026-09-27T20:10:33.0933680Z   Using cached nvidia_cuda_runtime_cu12-12.1.105-py3-none-manylinux1_x86_64.whl.metadata (1.5 kB)
mine-and-evolve	Instalar Depend├¬ncias Operacionais	2026-09-27T20:10:33.1132665Z Collecting nvidia-cuda-cupti-cu12==12.1.105 (from torch==2.2.0->-r requirements.txt (line 15))
mine-and-evolve	Instalar Depend├¬ncias Operacionais	2026-09-27T20:10:33.1148636Z   Using cached nvidia_cuda_cupti_cu12-12.1.105-py3-none-manylinux1_x86_64.whl.metadata (1.6 kB)
mine-and-evolve	Instalar Depend├¬ncias Operacionais	2026-09-27T20:10:33.1422323Z Collecting nvidia-cudnn-cu12==8.9.2.26 (from torch==2.2.0->-r requirements.txt (line 15))
mine-and-evolve	Instalar Depend├¬ncias Operacionais	2026-09-27T20:10:33.1438616Z   Using cached nvidia_cudnn_cu12-8.9.2.26-py3-none-manylinux1_x86_64.whl.metadata (1.6 kB)
mine-and-evolve	Instalar Depend├¬ncias Operacionais	2026-09-27T20:10:33.1647286Z Collecting nvidia-cublas-cu12==12.1.3.1 (from torch==2.2.0->-r requirements.txt (line 15))
mine-and-evolve	Instalar Depend├¬ncias Operacionais	2026-09-27T20:10:33.1663217Z   Using cached nvidia_cublas_cu12-12.1.3.1-py3-none-manylinux1_x86_64.whl.metadata (1.5 kB)
mine-and-evolve	Instalar Depend├¬ncias Operacionais	2026-09-27T20:10:33.1859935Z Collecting nvidia-cufft-cu12==11.0.2.54 (from torch==2.2.0->-r requirements.txt (line 15))
mine-and-evolve	Instalar Depend├¬ncias Operacionais	2026-09-27T20:10:33.1875445Z   Using cached nvidia_cufft_cu12-11.0.2.54-py3-none-manylinux1_x86_64.whl.metadata (1.5 kB)
mine-and-evolve	Instalar Depend├¬ncias Operacionais	2026-09-27T20:10:33.2073012Z Collecting nvidia-curand-cu12==10.3.2.106 (from torch==2.2.0->-r requirements.txt (line 15))
mine-and-evolve	Instalar Depend├¬ncias Operacionais	2026-09-27T20:10:33.2088202Z   Using cached nvidia_curand_cu12-10.3.2.106-py3-none-manylinux1_x86_64.whl.metadata (1.5 kB)
mine-and-evolve	Instalar Depend├¬ncias Operacionais	2026-09-27T20:10:33.2288614Z Collecting nvidia-cusolver-cu12==11.4.5.107 (from torch==2.2.0->-r requirements.txt (line 15))
mine-and-evolve	Instalar Depend├¬ncias Operacionais	2026-09-27T20:10:33.2304266Z   Using cached nvidia_cusolver_cu12-11.4.5.107-py3-none-manylinux1_x86_64.whl.metadata (1.6 kB)
mine-and-evolve	Instalar Depend├¬ncias Operacionais	2026-09-27T20:10:33.2503932Z Collecting nvidia-cusparse-cu12==12.1.0.106 (from torch==2.2.0->-r requirements.txt (line 15))
mine-and-evolve	Instalar Depend├¬ncias Operacionais	2026-09-27T20:10:33.2518902Z   Using cached nvidia_cusparse_cu12-12.1.0.106-py3-none-manylinux1_x86_64.whl.metadata (1.6 kB)
mine-and-evolve	Instalar Depend├¬ncias Operacionais	2026-09-27T20:10:33.2747184Z Collecting nvidia-nccl-cu12==2.19.3 (from torch==2.2.0->-r requirements.txt (line 15))
mine-and-evolve	Instalar Depend├¬ncias Operacionais	2026-09-27T20:10:33.2762165Z   Using cached nvidia_nccl_cu12-2.19.3-py3-none-manylinux1_x86_64.whl.metadata (1.8 kB)
mine-and-evolve	Instalar Depend├¬ncias Operacionais	2026-09-27T20:10:33.2961114Z Collecting nvidia-nvtx-cu12==12.1.105 (from torch==2.2.0->-r requirements.txt (line 15))
mine-and-evolve	Instalar Depend├¬ncias Operacionais	2026-09-27T20:10:33.2976346Z   Using cached nvidia_nvtx_cu12-12.1.105-py3-none-manylinux1_x86_64.whl.metadata (1.7 kB)
mine-and-evolve	Instalar Depend├¬ncias Operacionais	2026-09-27T20:10:33.3245758Z Collecting triton==2.2.0 (from torch==2.2.0->-r requirements.txt (line 15))
mine-and-evolve	Instalar Depend├¬ncias Operacionais	2026-09-27T20:10:33.3260801Z   Using cached triton-2.2.0-cp310-cp310-manylinux_2_17_x86_64.manylinux2014_x86_64.whl.metadata (1.4 kB)
mine-and-evolve	Instalar Depend├¬ncias Operacionais	2026-09-27T20:10:33.3600619Z Collecting nvidia-nvjitlink-cu12 (from nvidia-cusolver-cu12==11.4.5.107->torch==2.2.0->-r requirements.txt (line 15))
mine-and-evolve	Instalar Depend├¬ncias Operacionais	2026-09-27T20:10:33.3615025Z   Using cached nvidia_nvjitlink_cu12-12.9.86-py3-none-manylinux2010_x86_64.manylinux_2_12_x86_64.whl.metadata (1.7 kB)
mine-and-evolve	Instalar Depend├¬ncias Operacionais	2026-09-27T20:10:33.4027856Z Collecting jsonschema>=3.0 (from altair<6,>=4.0->streamlit==1.32.0->-r requirements.txt (line 10))
mine-and-evolve	Instalar Depend├¬ncias Operacionais	2026-09-27T20:10:33.4043686Z   Using cached jsonschema-4.26.0-py3-none-any.whl.metadata (7.6 kB)
mine-and-evolve	Instalar Depend├¬ncias Operacionais	2026-09-27T20:10:33.4557031Z Collecting narwhals>=1.14.2 (from altair<6,>=4.0->streamlit==1.32.0->-r requirements.txt (line 10))
mine-and-evolve	Instalar Depend├¬ncias Operacionais	2026-09-27T20:10:33.4573511Z   Using cached narwhals-2.26.0-py3-none-any.whl.metadata (15 kB)
mine-and-evolve	Instalar Depend├¬ncias Operacionais	2026-09-27T20:10:33.4956820Z Collecting gitdb<5,>=4.0.1 (from gitpython!=3.1.19,<4,>=3.0.7->streamlit==1.32.0->-r requirements.txt (line 10))
mine-and-evolve	Instalar Depend├¬ncias Operacionais	2026-09-27T20:10:33.4973256Z   Using cached gitdb-4.0.12-py3-none-any.whl.metadata (1.2 kB)
mine-and-evolve	Instalar Depend├¬ncias Operacionais	2026-09-27T20:10:33.5154690Z Collecting smmap<6,>=3.0.1 (from gitdb<5,>=4.0.1->gitpython!=3.1.19,<4,>=3.0.7->streamlit==1.32.0->-r requirements.txt (line 10))
mine-and-evolve	Instalar Depend├¬ncias Operacionais	2026-09-27T20:10:33.5169967Z   Using cached smmap-5.0.3-py3-none-any.whl.metadata (4.6 kB)
mine-and-evolve	Instalar Depend├¬ncias Operacionais	2026-09-27T20:10:33.5789471Z Collecting hf-xet<2.0.0,>=1.1.3 (from huggingface-hub<1.0,>=0.19.3->transformers==4.38.0->-r requirements.txt (line 14))
mine-and-evolve	Instalar Depend├¬ncias Operacionais	2026-09-27T20:10:33.5806176Z   Using cached hf_xet-1.6.0-cp38-abi3-manylinux2014_x86_64.manylinux_2_17_x86_64.whl.metadata (4.9 kB)
mine-and-evolve	Instalar Depend├¬ncias Operacionais	2026-09-27T20:10:33.6127565Z Collecting jsonpointer>=1.9 (from jsonpatch<2.0,>=1.33->langchain-core==0.1.30->-r requirements.txt (line 5))
mine-and-evolve	Instalar Depend├¬ncias Operacionais	2026-09-27T20:10:33.6145510Z   Using cached jsonpointer-3.1.1-py3-none-any.whl.metadata (2.4 kB)
mine-and-evolve	Instalar Depend├¬ncias Operacionais	2026-09-27T20:10:34.0039096Z Collecting orjson<4.0.0,>=3.9.14 (from langsmith<0.2.0,>=0.1.0->langchain-core==0.1.30->-r requirements.txt (line 5))
mine-and-evolve	Instalar Depend├¬ncias Operacionais	2026-09-27T20:10:34.0056600Z   Using cached orjson-3.12.0-cp310-cp310-manylinux_2_17_x86_64.manylinux2014_x86_64.whl.metadata (41 kB)
mine-and-evolve	Instalar Depend├¬ncias Operacionais	2026-09-27T20:10:34.0261550Z Collecting requests-toolbelt<2.0.0,>=1.0.0 (from langsmith<0.2.0,>=0.1.0->langchain-core==0.1.30->-r requirements.txt (line 5))
mine-and-evolve	Instalar Depend├¬ncias Operacionais	2026-09-27T20:10:34.0275683Z   Using cached requests_toolbelt-1.0.0-py2.py3-none-any.whl.metadata (14 kB)
mine-and-evolve	Instalar Depend├¬ncias Operacionais	2026-09-27T20:10:34.0557224Z Collecting python-dateutil>=2.8.2 (from pandas<3,>=1.3.0->streamlit==1.32.0->-r requirements.txt (line 10))
mine-and-evolve	Instalar Depend├¬ncias Operacionais	2026-09-27T20:10:34.0572009Z   Using cached python_dateutil-2.9.0.post0-py2.py3-none-any.whl.metadata (8.4 kB)
mine-and-evolve	Instalar Depend├¬ncias Operacionais	2026-09-27T20:10:34.0827245Z Collecting tzdata>=2022.7 (from pandas<3,>=1.3.0->streamlit==1.32.0->-r requirements.txt (line 10))
mine-and-evolve	Instalar Depend├¬ncias Operacionais	2026-09-27T20:10:34.0938796Z   Downloading tzdata-2026.4-py2.py3-none-any.whl.metadata (1.4 kB)
mine-and-evolve	Instalar Depend├¬ncias Operacionais	2026-09-27T20:10:34.2545743Z Collecting charset_normalizer<4,>=2 (from requests<3,>=2->langchain-core==0.1.30->-r requirements.txt (line 5))
mine-and-evolve	Instalar Depend├¬ncias Operacionais	2026-09-27T20:10:34.2563115Z   Using cached charset_normalizer-3.5.1-cp310-cp310-manylinux2014_x86_64.manylinux_2_17_x86_64.manylinux_2_28_x86_64.whl.metadata (45 kB)
mine-and-evolve	Instalar Depend├¬ncias Operacionais	2026-09-27T20:10:34.2972154Z Collecting markdown-it-py>=2.2.0 (from rich<14,>=10.14.0->streamlit==1.32.0->-r requirements.txt (line 10))
mine-and-evolve	Instalar Depend├¬ncias Operacionais	2026-09-27T20:10:34.2986554Z   Using cached markdown_it_py-4.2.0-py3-none-any.whl.metadata (7.4 kB)
mine-and-evolve	Instalar Depend├¬ncias Operacionais	2026-09-27T20:10:34.3270552Z Collecting pygments<3.0.0,>=2.13.0 (from rich<14,>=10.14.0->streamlit==1.32.0->-r requirements.txt (line 10))
mine-and-evolve	Instalar Depend├¬ncias Operacionais	2026-09-27T20:10:34.3284830Z   Using cached pygments-2.21.0-py3-none-any.whl.metadata (2.5 kB)
mine-and-evolve	Instalar Depend├¬ncias Operacionais	2026-09-27T20:10:34.4077956Z Collecting blis<0.8.0,>=0.7.8 (from thinc<8.3.0,>=8.1.8->spacy==3.7.2->-r requirements.txt (line 11))
mine-and-evolve	Instalar Depend├¬ncias Operacionais	2026-09-27T20:10:34.4094631Z   Using cached blis-0.7.11-cp310-cp310-manylinux_2_17_x86_64.manylinux2014_x86_64.whl.metadata (7.4 kB)
mine-and-evolve	Instalar Depend├¬ncias Operacionais	2026-09-27T20:10:34.4354659Z Collecting confection<1.0.0,>=0.0.1 (from thinc<8.3.0,>=8.1.8->spacy==3.7.2->-r requirements.txt (line 11))
mine-and-evolve	Instalar Depend├¬ncias Operacionais	2026-09-27T20:10:34.4369205Z   Using cached confection-0.1.5-py3-none-any.whl.metadata (19 kB)
mine-and-evolve	Instalar Depend├¬ncias Operacionais	2026-09-27T20:10:34.4966840Z Collecting cloudpathlib<0.17.0,>=0.7.0 (from weasel<0.4.0,>=0.1.0->spacy==3.7.2->-r requirements.txt (line 11))
mine-and-evolve	Instalar Depend├¬ncias Operacionais	2026-09-27T20:10:34.4981408Z   Using cached cloudpathlib-0.16.0-py3-none-any.whl.metadata (14 kB)
mine-and-evolve	Instalar Depend├¬ncias Operacionais	2026-09-27T20:10:34.5202526Z INFO: pip is looking at multiple versions of grpcio-tools to determine which version is compatible with other requirements. This could take a while.
mine-and-evolve	Instalar Depend├¬ncias Operacionais	2026-09-27T20:10:34.5208858Z Collecting grpcio-tools>=1.41.0 (from qdrant-client==1.8.0->-r requirements.txt (line 4))
mine-and-evolve	Instalar Depend├¬ncias Operacionais	2026-09-27T20:10:34.5224952Z   Using cached grpcio_tools-1.83.1-cp310-cp310-manylinux2014_x86_64.manylinux_2_17_x86_64.whl.metadata (5.3 kB)
mine-and-evolve	Instalar Depend├¬ncias Operacionais	2026-09-27T20:10:34.5255288Z   Using cached grpcio_tools-1.83.0-cp310-cp310-manylinux2014_x86_64.manylinux_2_17_x86_64.whl.metadata (5.3 kB)
mine-and-evolve	Instalar Depend├¬ncias Operacionais	2026-09-27T20:10:34.5285674Z   Using cached grpcio_tools-1.82.2-cp310-cp310-manylinux2014_x86_64.manylinux_2_17_x86_64.whl.metadata (5.3 kB)
mine-and-evolve	Instalar Depend├¬ncias Operacionais	2026-09-27T20:10:34.5314677Z   Using cached grpcio_tools-1.82.1-cp310-cp310-manylinux2014_x86_64.manylinux_2_17_x86_64.whl.metadata (5.3 kB)
mine-and-evolve	Instalar Depend├¬ncias Operacionais	2026-09-27T20:10:34.5345212Z   Using cached grpcio_tools-1.81.1-cp310-cp310-manylinux2014_x86_64.manylinux_2_17_x86_64.whl.metadata (5.3 kB)
mine-and-evolve	Instalar Depend├¬ncias Operacionais	2026-09-27T20:10:34.5439635Z   Using cached grpcio_tools-1.81.0-cp310-cp310-manylinux2014_x86_64.manylinux_2_17_x86_64.whl.metadata (5.3 kB)
mine-and-evolve	Instalar Depend├¬ncias Operacionais	2026-09-27T20:10:34.5469145Z   Using cached grpcio_tools-1.80.0-cp310-cp310-manylinux2014_x86_64.manylinux_2_17_x86_64.whl.metadata (5.3 kB)
mine-and-evolve	Instalar Depend├¬ncias Operacionais	2026-09-27T20:10:34.5547606Z INFO: pip is still looking at multiple versions of grpcio-tools to determine which version is compatible with other requirements. This could take a while.
mine-and-evolve	Instalar Depend├¬ncias Operacionais	2026-09-27T20:10:34.5566374Z   Using cached grpcio_tools-1.78.0-cp310-cp310-manylinux2014_x86_64.manylinux_2_17_x86_64.whl.metadata (5.3 kB)
mine-and-evolve	Instalar Depend├¬ncias Operacionais	2026-09-27T20:10:34.5597222Z   Using cached grpcio_tools-1.76.0-cp310-cp310-manylinux2014_x86_64.manylinux_2_17_x86_64.whl.metadata (5.3 kB)
mine-and-evolve	Instalar Depend├¬ncias Operacionais	2026-09-27T20:10:34.5626661Z   Using cached grpcio_tools-1.75.1-cp310-cp310-manylinux2014_x86_64.manylinux_2_17_x86_64.whl.metadata (5.3 kB)
mine-and-evolve	Instalar Depend├¬ncias Operacionais	2026-09-27T20:10:34.5655906Z   Using cached grpcio_tools-1.75.0-cp310-cp310-manylinux2014_x86_64.manylinux_2_17_x86_64.whl.metadata (5.3 kB)
mine-and-evolve	Instalar Depend├¬ncias Operacionais	2026-09-27T20:10:34.5685934Z   Using cached grpcio_tools-1.74.0-cp310-cp310-manylinux_2_17_x86_64.manylinux2014_x86_64.whl.metadata (5.3 kB)
mine-and-evolve	Instalar Depend├¬ncias Operacionais	2026-09-27T20:10:34.5700161Z INFO: This is taking longer than usual. You might need to provide the dependency resolver with stricter constraints to reduce runtime. See https://pip.pypa.io/warnings/backtracking for guidance. If you want to abort this run, press Ctrl + C.
mine-and-evolve	Instalar Depend├¬ncias Operacionais	2026-09-27T20:10:34.5717735Z   Using cached grpcio_tools-1.73.1-cp310-cp310-manylinux_2_17_x86_64.manylinux2014_x86_64.whl.metadata (5.3 kB)
mine-and-evolve	Instalar Depend├¬ncias Operacionais	2026-09-27T20:10:34.5813047Z   Using cached grpcio_tools-1.73.0-cp310-cp310-manylinux_2_17_x86_64.manylinux2014_x86_64.whl.metadata (5.3 kB)
mine-and-evolve	Instalar Depend├¬ncias Operacionais	2026-09-27T20:10:34.5842562Z   Using cached grpcio_tools-1.72.2-cp310-cp310-manylinux_2_17_x86_64.manylinux2014_x86_64.whl.metadata (5.3 kB)
mine-and-evolve	Instalar Depend├¬ncias Operacionais	2026-09-27T20:10:34.5872219Z   Using cached grpcio_tools-1.72.1-cp310-cp310-manylinux_2_17_x86_64.manylinux2014_x86_64.whl.metadata (5.3 kB)
mine-and-evolve	Instalar Depend├¬ncias Operacionais	2026-09-27T20:10:34.5901808Z   Using cached grpcio_tools-1.71.2-cp310-cp310-manylinux_2_17_x86_64.manylinux2014_x86_64.whl.metadata (5.3 kB)
mine-and-evolve	Instalar Depend├¬ncias Operacionais	2026-09-27T20:10:34.5991306Z   Using cached grpcio_tools-1.71.0-cp310-cp310-manylinux_2_17_x86_64.manylinux2014_x86_64.whl.metadata (5.3 kB)
mine-and-evolve	Instalar Depend├¬ncias Operacionais	2026-09-27T20:10:34.6021252Z   Using cached grpcio_tools-1.70.0-cp310-cp310-manylinux_2_17_x86_64.manylinux2014_x86_64.whl.metadata (5.3 kB)
mine-and-evolve	Instalar Depend├¬ncias Operacionais	2026-09-27T20:10:34.6051088Z   Using cached grpcio_tools-1.69.0-cp310-cp310-manylinux_2_17_x86_64.manylinux2014_x86_64.whl.metadata (5.3 kB)
mine-and-evolve	Instalar Depend├¬ncias Operacionais	2026-09-27T20:10:34.6092276Z   Using cached grpcio_tools-1.68.1-cp310-cp310-manylinux_2_17_x86_64.manylinux2014_x86_64.whl.metadata (5.3 kB)
mine-and-evolve	Instalar Depend├¬ncias Operacionais	2026-09-27T20:10:34.6123055Z   Using cached grpcio_tools-1.68.0-cp310-cp310-manylinux_2_17_x86_64.manylinux2014_x86_64.whl.metadata (5.3 kB)
mine-and-evolve	Instalar Depend├¬ncias Operacionais	2026-09-27T20:10:34.6153065Z   Using cached grpcio_tools-1.67.1-cp310-cp310-manylinux_2_17_x86_64.manylinux2014_x86_64.whl.metadata (5.3 kB)
mine-and-evolve	Instalar Depend├¬ncias Operacionais	2026-09-27T20:10:34.6183228Z   Using cached grpcio_tools-1.67.0-cp310-cp310-manylinux_2_17_x86_64.manylinux2014_x86_64.whl.metadata (5.3 kB)
mine-and-evolve	Instalar Depend├¬ncias Operacionais	2026-09-27T20:10:34.6213099Z   Using cached grpcio_tools-1.66.2-cp310-cp310-manylinux_2_17_x86_64.manylinux2014_x86_64.whl.metadata (5.3 kB)
mine-and-evolve	Instalar Depend├¬ncias Operacionais	2026-09-27T20:10:34.6244010Z   Using cached grpcio_tools-1.66.1-cp310-cp310-manylinux_2_17_x86_64.manylinux2014_x86_64.whl.metadata (5.3 kB)
mine-and-evolve	Instalar Depend├¬ncias Operacionais	2026-09-27T20:10:34.6274156Z   Using cached grpcio_tools-1.66.0-cp310-cp310-manylinux_2_17_x86_64.manylinux2014_x86_64.whl.metadata (5.3 kB)
mine-and-evolve	Instalar Depend├¬ncias Operacionais	2026-09-27T20:10:34.6304200Z   Using cached grpcio_tools-1.65.5-cp310-cp310-manylinux_2_17_x86_64.manylinux2014_x86_64.whl.metadata (5.3 kB)
mine-and-evolve	Instalar Depend├¬ncias Operacionais	2026-09-27T20:10:34.6334189Z   Using cached grpcio_tools-1.65.4-cp310-cp310-manylinux_2_17_x86_64.manylinux2014_x86_64.whl.metadata (5.3 kB)
mine-and-evolve	Instalar Depend├¬ncias Operacionais	2026-09-27T20:10:34.6364226Z   Using cached grpcio_tools-1.65.2-cp310-cp310-manylinux_2_17_x86_64.manylinux2014_x86_64.whl.metadata (5.3 kB)
mine-and-evolve	Instalar Depend├¬ncias Operacionais	2026-09-27T20:10:34.6407492Z   Using cached grpcio_tools-1.65.1-cp310-cp310-manylinux_2_17_x86_64.manylinux2014_x86_64.whl.metadata (5.3 kB)
mine-and-evolve	Instalar Depend├¬ncias Operacionais	2026-09-27T20:10:34.6439622Z   Using cached grpcio_tools-1.64.3-cp310-cp310-manylinux_2_17_x86_64.manylinux2014_x86_64.whl.metadata (5.3 kB)
mine-and-evolve	Instalar Depend├¬ncias Operacionais	2026-09-27T20:10:34.6470038Z   Using cached grpcio_tools-1.64.1-cp310-cp310-manylinux_2_17_x86_64.manylinux2014_x86_64.whl.metadata (5.3 kB)
mine-and-evolve	Instalar Depend├¬ncias Operacionais	2026-09-27T20:10:34.6500088Z   Using cached grpcio_tools-1.64.0-cp310-cp310-manylinux_2_17_x86_64.manylinux2014_x86_64.whl.metadata (5.3 kB)
mine-and-evolve	Instalar Depend├¬ncias Operacionais	2026-09-27T20:10:34.6531031Z   Using cached grpcio_tools-1.63.2-cp310-cp310-manylinux_2_17_x86_64.manylinux2014_x86_64.whl.metadata (5.3 kB)
mine-and-evolve	Instalar Depend├¬ncias Operacionais	2026-09-27T20:10:34.6560920Z   Using cached grpcio_tools-1.63.0-cp310-cp310-manylinux_2_17_x86_64.manylinux2014_x86_64.whl.metadata (5.3 kB)
mine-and-evolve	Instalar Depend├¬ncias Operacionais	2026-09-27T20:10:34.6591404Z   Using cached grpcio_tools-1.62.3-cp310-cp310-manylinux_2_17_x86_64.manylinux2014_x86_64.whl.metadata (6.2 kB)
mine-and-evolve	Instalar Depend├¬ncias Operacionais	2026-09-27T20:10:34.7029814Z Collecting h2<5,>=3 (from httpx[http2]>=0.14.0->qdrant-client==1.8.0->-r requirements.txt (line 4))
mine-and-evolve	Instalar Depend├¬ncias Operacionais	2026-09-27T20:10:34.7045595Z   Using cached h2-4.4.1-py3-none-any.whl.metadata (3.8 kB)
mine-and-evolve	Instalar Depend├¬ncias Operacionais	2026-09-27T20:10:34.7231683Z Collecting hyperframe<7,>=6.1 (from h2<5,>=3->httpx[http2]>=0.14.0->qdrant-client==1.8.0->-r requirements.txt (line 4))
mine-and-evolve	Instalar Depend├¬ncias Operacionais	2026-09-27T20:10:34.7247189Z   Using cached hyperframe-6.1.0-py3-none-any.whl.metadata (4.3 kB)
mine-and-evolve	Instalar Depend├¬ncias Operacionais	2026-09-27T20:10:34.7412519Z Collecting hpack<5,>=4.2 (from h2<5,>=3->httpx[http2]>=0.14.0->qdrant-client==1.8.0->-r requirements.txt (line 4))
mine-and-evolve	Instalar Depend├¬ncias Operacionais	2026-09-27T20:10:34.7426854Z   Using cached hpack-4.2.0-py3-none-any.whl.metadata (3.3 kB)
mine-and-evolve	Instalar Depend├¬ncias Operacionais	2026-09-27T20:10:34.8097632Z Collecting MarkupSafe>=2.0 (from jinja2->spacy==3.7.2->-r requirements.txt (line 11))
mine-and-evolve	Instalar Depend├¬ncias Operacionais	2026-09-27T20:10:34.8114766Z   Using cached markupsafe-3.0.3-cp310-cp310-manylinux2014_x86_64.manylinux_2_17_x86_64.manylinux_2_28_x86_64.whl.metadata (2.7 kB)
mine-and-evolve	Instalar Depend├¬ncias Operacionais	2026-09-27T20:10:34.8338222Z Collecting attrs>=22.2.0 (from jsonschema>=3.0->altair<6,>=4.0->streamlit==1.32.0->-r requirements.txt (line 10))
mine-and-evolve	Instalar Depend├¬ncias Operacionais	2026-09-27T20:10:34.8353388Z   Using cached attrs-26.1.0-py3-none-any.whl.metadata (8.8 kB)
mine-and-evolve	Instalar Depend├¬ncias Operacionais	2026-09-27T20:10:34.8537436Z Collecting jsonschema-specifications>=2023.03.6 (from jsonschema>=3.0->altair<6,>=4.0->streamlit==1.32.0->-r requirements.txt (line 10))
mine-and-evolve	Instalar Depend├¬ncias Operacionais	2026-09-27T20:10:34.8552099Z   Using cached jsonschema_specifications-2025.9.1-py3-none-any.whl.metadata (2.9 kB)
mine-and-evolve	Instalar Depend├¬ncias Operacionais	2026-09-27T20:10:34.8835877Z Collecting referencing>=0.28.4 (from jsonschema>=3.0->altair<6,>=4.0->streamlit==1.32.0->-r requirements.txt (line 10))
mine-and-evolve	Instalar Depend├¬ncias Operacionais	2026-09-27T20:10:34.8850484Z   Using cached referencing-0.37.0-py3-none-any.whl.metadata (2.8 kB)
mine-and-evolve	Instalar Depend├¬ncias Operacionais	2026-09-27T20:10:35.2820694Z Collecting rpds-py>=0.25.0 (from jsonschema>=3.0->altair<6,>=4.0->streamlit==1.32.0->-r requirements.txt (line 10))
mine-and-evolve	Instalar Depend├¬ncias Operacionais	2026-09-27T20:10:35.2838913Z   Using cached rpds_py-0.30.0-cp310-cp310-manylinux_2_17_x86_64.manylinux2014_x86_64.whl.metadata (4.1 kB)
mine-and-evolve	Instalar Depend├¬ncias Operacionais	2026-09-27T20:10:35.3074675Z Collecting mdurl~=0.1 (from markdown-it-py>=2.2.0->rich<14,>=10.14.0->streamlit==1.32.0->-r requirements.txt (line 10))
mine-and-evolve	Instalar Depend├¬ncias Operacionais	2026-09-27T20:10:35.3090366Z   Using cached mdurl-0.1.2-py3-none-any.whl.metadata (1.6 kB)
mine-and-evolve	Instalar Depend├¬ncias Operacionais	2026-09-27T20:10:35.3335794Z Collecting six>=1.5 (from python-dateutil>=2.8.2->pandas<3,>=1.3.0->streamlit==1.32.0->-r requirements.txt (line 10))
mine-and-evolve	Instalar Depend├¬ncias Operacionais	2026-09-27T20:10:35.3349807Z   Using cached six-1.17.0-py2.py3-none-any.whl.metadata (1.7 kB)
mine-and-evolve	Instalar Depend├¬ncias Operacionais	2026-09-27T20:10:35.3863142Z Collecting mpmath<1.4,>=1.1.0 (from sympy->torch==2.2.0->-r requirements.txt (line 15))
mine-and-evolve	Instalar Depend├¬ncias Operacionais	2026-09-27T20:10:35.3878040Z   Using cached mpmath-1.3.0-py3-none-any.whl.metadata (8.6 kB)
mine-and-evolve	Instalar Depend├¬ncias Operacionais	2026-09-27T20:10:35.3949143Z Using cached httpx-0.27.0-py3-none-any.whl (75 kB)
mine-and-evolve	Instalar Depend├¬ncias Operacionais	2026-09-27T20:10:35.3963611Z Using cached beautifulsoup4-4.12.3-py3-none-any.whl (147 kB)
mine-and-evolve	Instalar Depend├¬ncias Operacionais	2026-09-27T20:10:35.3977449Z Using cached qdrant_client-1.8.0-py3-none-any.whl (214 kB)
mine-and-evolve	Instalar Depend├¬ncias Operacionais	2026-09-27T20:10:35.3991735Z Using cached langchain_core-0.1.30-py3-none-any.whl (256 kB)
mine-and-evolve	Instalar Depend├¬ncias Operacionais	2026-09-27T20:10:35.4006386Z Using cached pydantic-2.6.4-py3-none-any.whl (394 kB)
mine-and-evolve	Instalar Depend├¬ncias Operacionais	2026-09-27T20:10:35.4021524Z Using cached PyYAML-6.0.1-cp310-cp310-manylinux_2_17_x86_64.manylinux2014_x86_64.whl (705 kB)
mine-and-evolve	Instalar Depend├¬ncias Operacionais	2026-09-27T20:10:35.4037835Z Using cached pytest-8.0.0-py3-none-any.whl (334 kB)
mine-and-evolve	Instalar Depend├¬ncias Operacionais	2026-09-27T20:10:35.4052440Z Using cached pytest_asyncio-0.23.5-py3-none-any.whl (17 kB)
mine-and-evolve	Instalar Depend├¬ncias Operacionais	2026-09-27T20:10:35.4065567Z Using cached streamlit-1.32.0-py2.py3-none-any.whl (8.1 MB)
mine-and-evolve	Instalar Depend├¬ncias Operacionais	2026-09-27T20:10:35.4108759Z Using cached spacy-3.7.2-cp310-cp310-manylinux_2_17_x86_64.manylinux2014_x86_64.whl (6.6 MB)
mine-and-evolve	Instalar Depend├¬ncias Operacionais	2026-09-27T20:10:35.4146327Z Using cached fastapi-0.110.0-py3-none-any.whl (92 kB)
mine-and-evolve	Instalar Depend├¬ncias Operacionais	2026-09-27T20:10:35.4160452Z Using cached uvicorn-0.27.1-py3-none-any.whl (60 kB)
mine-and-evolve	Instalar Depend├¬ncias Operacionais	2026-09-27T20:10:35.4174413Z Using cached transformers-4.38.0-py3-none-any.whl (8.5 MB)
mine-and-evolve	Instalar Depend├¬ncias Operacionais	2026-09-27T20:10:35.4218986Z Using cached torch-2.2.0-cp310-cp310-manylinux1_x86_64.whl (755.5 MB)
mine-and-evolve	Instalar Depend├¬ncias Operacionais	2026-09-27T20:10:35.6880197Z Using cached nvidia_cublas_cu12-12.1.3.1-py3-none-manylinux1_x86_64.whl (410.6 MB)
mine-and-evolve	Instalar Depend├¬ncias Operacionais	2026-09-27T20:10:35.8370563Z Using cached nvidia_cuda_cupti_cu12-12.1.105-py3-none-manylinux1_x86_64.whl (14.1 MB)
mine-and-evolve	Instalar Depend├¬ncias Operacionais	2026-09-27T20:10:35.8436718Z Using cached nvidia_cuda_nvrtc_cu12-12.1.105-py3-none-manylinux1_x86_64.whl (23.7 MB)
mine-and-evolve	Instalar Depend├¬ncias Operacionais	2026-09-27T20:10:35.8538433Z Using cached nvidia_cuda_runtime_cu12-12.1.105-py3-none-manylinux1_x86_64.whl (823 kB)
mine-and-evolve	Instalar Depend├¬ncias Operacionais	2026-09-27T20:10:35.8555139Z Using cached nvidia_cudnn_cu12-8.9.2.26-py3-none-manylinux1_x86_64.whl (731.7 MB)
mine-and-evolve	Instalar Depend├¬ncias Operacionais	2026-09-27T20:10:36.1167064Z Using cached nvidia_cufft_cu12-11.0.2.54-py3-none-manylinux1_x86_64.whl (121.6 MB)
mine-and-evolve	Instalar Depend├¬ncias Operacionais	2026-09-27T20:10:36.3196417Z Using cached nvidia_curand_cu12-10.3.2.106-py3-none-manylinux1_x86_64.whl (56.5 MB)
mine-and-evolve	Instalar Depend├¬ncias Operacionais	2026-09-27T20:10:36.3414225Z Using cached nvidia_cusolver_cu12-11.4.5.107-py3-none-manylinux1_x86_64.whl (124.2 MB)
mine-and-evolve	Instalar Depend├¬ncias Operacionais	2026-09-27T20:10:36.5178746Z Using cached nvidia_cusparse_cu12-12.1.0.106-py3-none-manylinux1_x86_64.whl (196.0 MB)
mine-and-evolve	Instalar Depend├¬ncias Operacionais	2026-09-27T20:10:36.9114779Z Using cached nvidia_nccl_cu12-2.19.3-py3-none-manylinux1_x86_64.whl (166.0 MB)
mine-and-evolve	Instalar Depend├¬ncias Operacionais	2026-09-27T20:10:37.3188934Z Using cached nvidia_nvtx_cu12-12.1.105-py3-none-manylinux1_x86_64.whl (99 kB)
mine-and-evolve	Instalar Depend├¬ncias Operacionais	2026-09-27T20:10:37.3207967Z Using cached pydantic_core-2.16.3-cp310-cp310-manylinux_2_17_x86_64.manylinux2014_x86_64.whl (2.2 MB)
mine-and-evolve	Instalar Depend├¬ncias Operacionais	2026-09-27T20:10:37.3235759Z Using cached triton-2.2.0-cp310-cp310-manylinux_2_17_x86_64.manylinux2014_x86_64.whl (167.9 MB)
mine-and-evolve	Instalar Depend├¬ncias Operacionais	2026-09-27T20:10:37.8042709Z Using cached altair-5.5.0-py3-none-any.whl (731 kB)
mine-and-evolve	Instalar Depend├¬ncias Operacionais	2026-09-27T20:10:37.8058248Z Using cached anyio-4.15.1-py3-none-any.whl (132 kB)
mine-and-evolve	Instalar Depend├¬ncias Operacionais	2026-09-27T20:10:37.8072279Z Using cached blinker-1.9.0-py3-none-any.whl (8.5 kB)
mine-and-evolve	Instalar Depend├¬ncias Operacionais	2026-09-27T20:10:37.8085648Z Using cached cachetools-5.5.2-py3-none-any.whl (10 kB)
mine-and-evolve	Instalar Depend├¬ncias Operacionais	2026-09-27T20:10:37.8099030Z Using cached catalogue-2.0.10-py3-none-any.whl (17 kB)
mine-and-evolve	Instalar Depend├¬ncias Operacionais	2026-09-27T20:10:37.8112897Z Using cached click-8.5.0-py3-none-any.whl (125 kB)
mine-and-evolve	Instalar Depend├¬ncias Operacionais	2026-09-27T20:10:37.8127497Z Using cached cymem-2.0.13-cp310-cp310-manylinux2014_x86_64.manylinux_2_17_x86_64.whl (229 kB)
mine-and-evolve	Instalar Depend├¬ncias Operacionais	2026-09-27T20:10:37.8141623Z Using cached gitpython-3.1.62-py3-none-any.whl (222 kB)
mine-and-evolve	Instalar Depend├¬ncias Operacionais	2026-09-27T20:10:37.8155694Z Using cached gitdb-4.0.12-py3-none-any.whl (62 kB)
mine-and-evolve	Instalar Depend├¬ncias Operacionais	2026-09-27T20:10:37.8169349Z Using cached httpcore-1.0.9-py3-none-any.whl (78 kB)
mine-and-evolve	Instalar Depend├¬ncias Operacionais	2026-09-27T20:10:37.8183568Z Using cached huggingface_hub-0.36.2-py3-none-any.whl (566 kB)
mine-and-evolve	Instalar Depend├¬ncias Operacionais	2026-09-27T20:10:37.8199628Z Using cached hf_xet-1.6.0-cp38-abi3-manylinux2014_x86_64.manylinux_2_17_x86_64.whl (4.5 MB)
mine-and-evolve	Instalar Depend├¬ncias Operacionais	2026-09-27T20:10:37.8228910Z Using cached jsonpatch-1.33-py2.py3-none-any.whl (12 kB)
mine-and-evolve	Instalar Depend├¬ncias Operacionais	2026-09-27T20:10:37.8243014Z Using cached langcodes-3.5.1-py3-none-any.whl (183 kB)
mine-and-evolve	Instalar Depend├¬ncias Operacionais	2026-09-27T20:10:37.8257476Z Using cached langsmith-0.1.147-py3-none-any.whl (311 kB)
mine-and-evolve	Instalar Depend├¬ncias Operacionais	2026-09-27T20:10:37.8273391Z Using cached murmurhash-1.0.15-cp310-cp310-manylinux1_x86_64.manylinux2014_x86_64.manylinux_2_17_x86_64.manylinux_2_5_x86_64.whl (122 kB)
mine-and-evolve	Instalar Depend├¬ncias Operacionais	2026-09-27T20:10:37.8287623Z Using cached numpy-1.26.4-cp310-cp310-manylinux_2_17_x86_64.manylinux2014_x86_64.whl (18.2 MB)
mine-and-evolve	Instalar Depend├¬ncias Operacionais	2026-09-27T20:10:37.8763385Z Using cached orjson-3.12.0-cp310-cp310-manylinux_2_17_x86_64.manylinux2014_x86_64.whl (131 kB)
mine-and-evolve	Instalar Depend├¬ncias Operacionais	2026-09-27T20:10:37.8777266Z Using cached packaging-23.2-py3-none-any.whl (53 kB)
mine-and-evolve	Instalar Depend├¬ncias Operacionais	2026-09-27T20:10:37.8792010Z Using cached pandas-2.3.3-cp310-cp310-manylinux_2_24_x86_64.manylinux_2_28_x86_64.whl (12.8 MB)
mine-and-evolve	Instalar Depend├¬ncias Operacionais	2026-09-27T20:10:37.9175283Z Using cached pillow-10.4.0-cp310-cp310-manylinux_2_28_x86_64.whl (4.5 MB)
mine-and-evolve	Instalar Depend├¬ncias Operacionais	2026-09-27T20:10:37.9293509Z Using cached pluggy-1.6.0-py3-none-any.whl (20 kB)
mine-and-evolve	Instalar Depend├¬ncias Operacionais	2026-09-27T20:10:37.9307546Z Using cached portalocker-2.10.1-py3-none-any.whl (18 kB)
mine-and-evolve	Instalar Depend├¬ncias Operacionais	2026-09-27T20:10:37.9321996Z Using cached preshed-3.0.13-cp310-cp310-manylinux2014_x86_64.manylinux_2_17_x86_64.whl (779 kB)
mine-and-evolve	Instalar Depend├¬ncias Operacionais	2026-09-27T20:10:37.9338303Z Using cached protobuf-4.25.9-cp37-abi3-manylinux2014_x86_64.whl (295 kB)
mine-and-evolve	Instalar Depend├¬ncias Operacionais	2026-09-27T20:10:37.9353030Z Using cached pydeck-0.9.3-py2.py3-none-any.whl (11.4 MB)
mine-and-evolve	Instalar Depend├¬ncias Operacionais	2026-09-27T20:10:37.9605575Z Using cached requests-2.34.2-py3-none-any.whl (73 kB)
mine-and-evolve	Instalar Depend├¬ncias Operacionais	2026-09-27T20:10:37.9620132Z Using cached charset_normalizer-3.5.1-cp310-cp310-manylinux2014_x86_64.manylinux_2_17_x86_64.manylinux_2_28_x86_64.whl (261 kB)
mine-and-evolve	Instalar Depend├¬ncias Operacionais	2026-09-27T20:10:37.9805038Z Downloading idna-3.20-py3-none-any.whl (69 kB)
mine-and-evolve	Instalar Depend├¬ncias Operacionais	2026-09-27T20:10:39.2679158Z Using cached requests_toolbelt-1.0.0-py2.py3-none-any.whl (54 kB)
mine-and-evolve	Instalar Depend├¬ncias Operacionais	2026-09-27T20:10:39.2694130Z Using cached rich-13.9.4-py3-none-any.whl (242 kB)
mine-and-evolve	Instalar Depend├¬ncias Operacionais	2026-09-27T20:10:39.2708869Z Using cached pygments-2.21.0-py3-none-any.whl (1.3 MB)
mine-and-evolve	Instalar Depend├¬ncias Operacionais	2026-09-27T20:10:39.2728241Z Using cached smart_open-6.4.0-py3-none-any.whl (57 kB)
mine-and-evolve	Instalar Depend├¬ncias Operacionais	2026-09-27T20:10:39.2742438Z Using cached smmap-5.0.3-py3-none-any.whl (24 kB)
mine-and-evolve	Instalar Depend├¬ncias Operacionais	2026-09-27T20:10:39.2756491Z Using cached spacy_legacy-3.0.12-py2.py3-none-any.whl (29 kB)
mine-and-evolve	Instalar Depend├¬ncias Operacionais	2026-09-27T20:10:39.2770323Z Using cached spacy_loggers-1.0.5-py3-none-any.whl (22 kB)
mine-and-evolve	Instalar Depend├¬ncias Operacionais	2026-09-27T20:10:39.2784841Z Using cached srsly-2.5.3-cp310-cp310-manylinux2014_x86_64.manylinux_2_17_x86_64.whl (1.1 MB)
mine-and-evolve	Instalar Depend├¬ncias Operacionais	2026-09-27T20:10:39.2802940Z Using cached starlette-0.36.3-py3-none-any.whl (71 kB)
mine-and-evolve	Instalar Depend├¬ncias Operacionais	2026-09-27T20:10:39.2817076Z Using cached tenacity-8.5.0-py3-none-any.whl (28 kB)
mine-and-evolve	Instalar Depend├¬ncias Operacionais	2026-09-27T20:10:39.2831249Z Using cached thinc-8.2.5-cp310-cp310-manylinux_2_17_x86_64.manylinux2014_x86_64.whl (922 kB)
mine-and-evolve	Instalar Depend├¬ncias Operacionais	2026-09-27T20:10:39.2848969Z Using cached blis-0.7.11-cp310-cp310-manylinux_2_17_x86_64.manylinux2014_x86_64.whl (10.2 MB)
mine-and-evolve	Instalar Depend├¬ncias Operacionais	2026-09-27T20:10:39.2903669Z Using cached confection-0.1.5-py3-none-any.whl (35 kB)
mine-and-evolve	Instalar Depend├¬ncias Operacionais	2026-09-27T20:10:39.2917542Z Using cached tokenizers-0.15.2-cp310-cp310-manylinux_2_17_x86_64.manylinux2014_x86_64.whl (3.6 MB)
mine-and-evolve	Instalar Depend├¬ncias Operacionais	2026-09-27T20:10:39.2943354Z Using cached toml-0.10.2-py2.py3-none-any.whl (16 kB)
mine-and-evolve	Instalar Depend├¬ncias Operacionais	2026-09-27T20:10:39.3050312Z Downloading tornado-6.5.10-cp39-abi3-manylinux1_x86_64.manylinux_2_28_x86_64.manylinux_2_5_x86_64.whl (467 kB)
mine-and-evolve	Instalar Depend├¬ncias Operacionais	2026-09-27T20:10:40.1763694Z Downloading tqdm-4.70.1-py3-none-any.whl (80 kB)
mine-and-evolve	Instalar Depend├¬ncias Operacionais	2026-09-27T20:10:40.1799856Z Using cached typer-0.9.4-py3-none-any.whl (45 kB)
mine-and-evolve	Instalar Depend├¬ncias Operacionais	2026-09-27T20:10:40.1814569Z Using cached typing_extensions-4.16.0-py3-none-any.whl (45 kB)
mine-and-evolve	Instalar Depend├¬ncias Operacionais	2026-09-27T20:10:40.1920862Z Downloading urllib3-2.8.0-py3-none-any.whl (135 kB)
mine-and-evolve	Instalar Depend├¬ncias Operacionais	2026-09-27T20:10:40.1958159Z Using cached wasabi-1.1.3-py3-none-any.whl (27 kB)
mine-and-evolve	Instalar Depend├¬ncias Operacionais	2026-09-27T20:10:40.1972030Z Using cached weasel-0.3.4-py3-none-any.whl (50 kB)
mine-and-evolve	Instalar Depend├¬ncias Operacionais	2026-09-27T20:10:40.1985561Z Using cached cloudpathlib-0.16.0-py3-none-any.whl (45 kB)
mine-and-evolve	Instalar Depend├¬ncias Operacionais	2026-09-27T20:10:40.1999473Z Using cached annotated_types-0.8.0-py3-none-any.whl (13 kB)
mine-and-evolve	Instalar Depend├¬ncias Operacionais	2026-09-27T20:10:40.2013451Z Using cached certifi-2026.7.22-py3-none-any.whl (136 kB)
mine-and-evolve	Instalar Depend├¬ncias Operacionais	2026-09-27T20:10:40.2027788Z Using cached exceptiongroup-1.3.1-py3-none-any.whl (16 kB)
mine-and-evolve	Instalar Depend├¬ncias Operacionais	2026-09-27T20:10:40.2133369Z Downloading fsspec-2026.9.0-py3-none-any.whl (221 kB)
mine-and-evolve	Instalar Depend├¬ncias Operacionais	2026-09-27T20:10:40.2354463Z Downloading grpcio-1.84.0-cp310-cp310-manylinux2014_x86_64.manylinux_2_17_x86_64.whl (7.2 MB)
mine-and-evolve	Instalar Depend├¬ncias Operacionais	2026-09-27T20:10:40.2971212Z    ÔöüÔöüÔöüÔöüÔöüÔöüÔöüÔöüÔöüÔöüÔöüÔöüÔöüÔöüÔöüÔöüÔöüÔöüÔöüÔöüÔöüÔöüÔöüÔöüÔöüÔöüÔöüÔöüÔöüÔöüÔöüÔöüÔöüÔöüÔöüÔöüÔöüÔöüÔöüÔöü 7.2/7.2 MB 118.3 MB/s  0:00:00
mine-and-evolve	Instalar Depend├¬ncias Operacionais	2026-09-27T20:10:40.2987987Z Using cached grpcio_tools-1.62.3-cp310-cp310-manylinux_2_17_x86_64.manylinux2014_x86_64.whl (2.8 MB)
mine-and-evolve	Instalar Depend├¬ncias Operacionais	2026-09-27T20:10:40.3012633Z Using cached h11-0.16.0-py3-none-any.whl (37 kB)
mine-and-evolve	Instalar Depend├¬ncias Operacionais	2026-09-27T20:10:40.3026309Z Using cached h2-4.4.1-py3-none-any.whl (62 kB)
mine-and-evolve	Instalar Depend├¬ncias Operacionais	2026-09-27T20:10:40.3039899Z Using cached hpack-4.2.0-py3-none-any.whl (34 kB)
mine-and-evolve	Instalar Depend├¬ncias Operacionais	2026-09-27T20:10:40.3053713Z Using cached hyperframe-6.1.0-py3-none-any.whl (13 kB)
mine-and-evolve	Instalar Depend├¬ncias Operacionais	2026-09-27T20:10:40.3067604Z Using cached jinja2-3.1.6-py3-none-any.whl (134 kB)
mine-and-evolve	Instalar Depend├¬ncias Operacionais	2026-09-27T20:10:40.3082328Z Using cached jsonpointer-3.1.1-py3-none-any.whl (7.7 kB)
mine-and-evolve	Instalar Depend├¬ncias Operacionais	2026-09-27T20:10:40.3096088Z Using cached jsonschema-4.26.0-py3-none-any.whl (90 kB)
mine-and-evolve	Instalar Depend├¬ncias Operacionais	2026-09-27T20:10:40.3110063Z Using cached attrs-26.1.0-py3-none-any.whl (67 kB)
mine-and-evolve	Instalar Depend├¬ncias Operacionais	2026-09-27T20:10:40.3124357Z Using cached jsonschema_specifications-2025.9.1-py3-none-any.whl (18 kB)
mine-and-evolve	Instalar Depend├¬ncias Operacionais	2026-09-27T20:10:40.3138092Z Using cached markdown_it_py-4.2.0-py3-none-any.whl (91 kB)
mine-and-evolve	Instalar Depend├¬ncias Operacionais	2026-09-27T20:10:40.3152373Z Using cached mdurl-0.1.2-py3-none-any.whl (10.0 kB)
mine-and-evolve	Instalar Depend├¬ncias Operacionais	2026-09-27T20:10:40.3166471Z Using cached markupsafe-3.0.3-cp310-cp310-manylinux2014_x86_64.manylinux_2_17_x86_64.manylinux_2_28_x86_64.whl (20 kB)
mine-and-evolve	Instalar Depend├¬ncias Operacionais	2026-09-27T20:10:40.3179839Z Using cached narwhals-2.26.0-py3-none-any.whl (474 kB)
mine-and-evolve	Instalar Depend├¬ncias Operacionais	2026-09-27T20:10:40.3195431Z Using cached pyarrow-25.0.1-cp310-cp310-manylinux_2_28_x86_64.whl (50.1 MB)
mine-and-evolve	Instalar Depend├¬ncias Operacionais	2026-09-27T20:10:40.3400424Z Using cached python_dateutil-2.9.0.post0-py2.py3-none-any.whl (229 kB)
mine-and-evolve	Instalar Depend├¬ncias Operacionais	2026-09-27T20:10:40.3544648Z Downloading pytz-2026.4-py2.py3-none-any.whl (506 kB)
mine-and-evolve	Instalar Depend├¬ncias Operacionais	2026-09-27T20:10:41.0710719Z Using cached referencing-0.37.0-py3-none-any.whl (26 kB)
mine-and-evolve	Instalar Depend├¬ncias Operacionais	2026-09-27T20:10:41.0839107Z Downloading regex-2026.9.10-cp310-cp310-manylinux2014_x86_64.manylinux_2_17_x86_64.manylinux_2_28_x86_64.whl (796 kB)
mine-and-evolve	Instalar Depend├¬ncias Operacionais	2026-09-27T20:10:41.5282752Z    ÔöüÔöüÔöüÔöüÔöüÔöüÔöüÔöüÔöüÔöüÔöüÔöüÔöüÔöüÔöüÔöüÔöüÔöüÔöüÔöüÔöüÔöüÔöüÔöüÔöüÔöüÔöüÔöüÔöüÔöüÔöüÔöüÔöüÔöüÔöüÔöüÔöüÔöüÔöüÔöü 796.3/796.3 kB 1.2 MB/s  0:00:00
mine-and-evolve	Instalar Depend├¬ncias Operacionais	2026-09-27T20:10:41.5299061Z Using cached rpds_py-0.30.0-cp310-cp310-manylinux_2_17_x86_64.manylinux2014_x86_64.whl (390 kB)
mine-and-evolve	Instalar Depend├¬ncias Operacionais	2026-09-27T20:10:41.5314706Z Using cached safetensors-0.8.0-cp310-abi3-manylinux_2_17_x86_64.manylinux2014_x86_64.whl (516 kB)
mine-and-evolve	Instalar Depend├¬ncias Operacionais	2026-09-27T20:10:41.5330213Z Using cached six-1.17.0-py2.py3-none-any.whl (11 kB)
mine-and-evolve	Instalar Depend├¬ncias Operacionais	2026-09-27T20:10:41.5445197Z Downloading soupsieve-2.10-py3-none-any.whl (38 kB)
mine-and-evolve	Instalar Depend├¬ncias Operacionais	2026-09-27T20:10:41.5479895Z Using cached tomli-2.4.1-py3-none-any.whl (14 kB)
mine-and-evolve	Instalar Depend├¬ncias Operacionais	2026-09-27T20:10:41.5587090Z Downloading tzdata-2026.4-py2.py3-none-any.whl (347 kB)
mine-and-evolve	Instalar Depend├¬ncias Operacionais	2026-09-27T20:10:41.5694657Z Using cached watchdog-6.0.0-py3-none-manylinux2014_x86_64.whl (79 kB)
mine-and-evolve	Instalar Depend├¬ncias Operacionais	2026-09-27T20:10:41.5796769Z Downloading filelock-4.0.4-py3-none-any.whl (108 kB)
mine-and-evolve	Instalar Depend├¬ncias Operacionais	2026-09-27T20:10:41.5833189Z Using cached iniconfig-2.3.0-py3-none-any.whl (7.5 kB)
mine-and-evolve	Instalar Depend├¬ncias Operacionais	2026-09-27T20:10:41.5847407Z Using cached networkx-3.4.2-py3-none-any.whl (1.7 MB)
mine-and-evolve	Instalar Depend├¬ncias Operacionais	2026-09-27T20:10:41.5869425Z Using cached nvidia_nvjitlink_cu12-12.9.86-py3-none-manylinux2010_x86_64.manylinux_2_12_x86_64.whl (39.7 MB)
mine-and-evolve	Instalar Depend├¬ncias Operacionais	2026-09-27T20:10:41.6035771Z Using cached sniffio-1.3.1-py3-none-any.whl (10 kB)
mine-and-evolve	Instalar Depend├¬ncias Operacionais	2026-09-27T20:10:41.6049309Z Using cached sympy-1.14.0-py3-none-any.whl (6.3 MB)
mine-and-evolve	Instalar Depend├¬ncias Operacionais	2026-09-27T20:10:41.6085611Z Using cached mpmath-1.3.0-py3-none-any.whl (536 kB)
mine-and-evolve	Instalar Depend├¬ncias Operacionais	2026-09-27T20:10:45.0442500Z Installing collected packages: pytz, mpmath, watchdog, wasabi, urllib3, tzdata, typing-extensions, tqdm, tornado, tomli, toml, tenacity, sympy, spacy-loggers, spacy-legacy, soupsieve, sniffio, smmap, smart-open, six, safetensors, rpds-py, regex, PyYAML, pygments, pyarrow, protobuf, portalocker, pluggy, pillow, packaging, orjson, nvidia-nvtx-cu12, nvidia-nvjitlink-cu12, nvidia-nccl-cu12, nvidia-curand-cu12, nvidia-cufft-cu12, nvidia-cuda-runtime-cu12, nvidia-cuda-nvrtc-cu12, nvidia-cuda-cupti-cu12, nvidia-cublas-cu12, numpy, networkx, neo4j, narwhals, murmurhash, mdurl, MarkupSafe, langcodes, jsonpointer, iniconfig, idna, hyperframe, hpack, hf-xet, h11, fsspec, filelock, cymem, click, charset_normalizer, certifi, catalogue, cachetools, blinker, attrs, annotated-types, uvicorn, typer, triton, srsly, requests, referencing, python-dateutil, pydantic-core, preshed, nvidia-cusparse-cu12, nvidia-cudnn-cu12, markdown-it-py, jsonpatch, jinja2, httpcore, h2, grpcio, gitdb, exceptiongroup, cloudpathlib, blis, beautifulsoup4, rich, requests-toolbelt, pytest, pydeck, pydantic, pandas, nvidia-cusolver-cu12, jsonschema-specifications, huggingface-hub, grpcio-tools, gitpython, anyio, torch, tokenizers, starlette, pytest-asyncio, jsonschema, httpx, confection, weasel, transformers, thinc, langsmith, fastapi, altair, streamlit, spacy, qdrant-client, langchain-core
mine-and-evolve	Instalar Depend├¬ncias Operacionais	2026-09-27T20:11:42.1087781Z 
mine-and-evolve	Instalar Depend├¬ncias Operacionais	2026-09-27T20:11:42.1249967Z Successfully installed MarkupSafe-3.0.3 PyYAML-6.0.1 altair-5.5.0 annotated-types-0.8.0 anyio-4.15.1 attrs-26.1.0 beautifulsoup4-4.12.3 blinker-1.9.0 blis-0.7.11 cachetools-5.5.2 catalogue-2.0.10 certifi-2026.7.22 charset_normalizer-3.5.1 click-8.5.0 cloudpathlib-0.16.0 confection-0.1.5 cymem-2.0.13 exceptiongroup-1.3.1 fastapi-0.110.0 filelock-4.0.4 fsspec-2026.9.0 gitdb-4.0.12 gitpython-3.1.62 grpcio-1.84.0 grpcio-tools-1.62.3 h11-0.16.0 h2-4.4.1 hf-xet-1.6.0 hpack-4.2.0 httpcore-1.0.9 httpx-0.27.0 huggingface-hub-0.36.2 hyperframe-6.1.0 idna-3.20 iniconfig-2.3.0 jinja2-3.1.6 jsonpatch-1.33 jsonpointer-3.1.1 jsonschema-4.26.0 jsonschema-specifications-2025.9.1 langchain-core-0.1.30 langcodes-3.5.1 langsmith-0.1.147 markdown-it-py-4.2.0 mdurl-0.1.2 mpmath-1.3.0 murmurhash-1.0.15 narwhals-2.26.0 neo4j-5.18.0 networkx-3.4.2 numpy-1.26.4 nvidia-cublas-cu12-12.1.3.1 nvidia-cuda-cupti-cu12-12.1.105 nvidia-cuda-nvrtc-cu12-12.1.105 nvidia-cuda-runtime-cu12-12.1.105 nvidia-cudnn-cu12-8.9.2.26 nvidia-cufft-cu12-11.0.2.54 nvidia-curand-cu12-10.3.2.106 nvidia-cusolver-cu12-11.4.5.107 nvidia-cusparse-cu12-12.1.0.106 nvidia-nccl-cu12-2.19.3 nvidia-nvjitlink-cu12-12.9.86 nvidia-nvtx-cu12-12.1.105 orjson-3.12.0 packaging-23.2 pandas-2.3.3 pillow-10.4.0 pluggy-1.6.0 portalocker-2.10.1 preshed-3.0.13 protobuf-4.25.9 pyarrow-25.0.1 pydantic-2.6.4 pydantic-core-2.16.3 pydeck-0.9.3 pygments-2.21.0 pytest-8.0.0 pytest-asyncio-0.23.5 python-dateutil-2.9.0.post0 pytz-2026.4 qdrant-client-1.8.0 referencing-0.37.0 regex-2026.9.10 requests-2.34.2 requests-toolbelt-1.0.0 rich-13.9.4 rpds-py-0.30.0 safetensors-0.8.0 six-1.17.0 smart-open-6.4.0 smmap-5.0.3 sniffio-1.3.1 soupsieve-2.10 spacy-3.7.2 spacy-legacy-3.0.12 spacy-loggers-1.0.5 srsly-2.5.3 starlette-0.36.3 streamlit-1.32.0 sympy-1.14.0 tenacity-8.5.0 thinc-8.2.5 tokenizers-0.15.2 toml-0.10.2 tomli-2.4.1 torch-2.2.0 tornado-6.5.10 tqdm-4.70.1 transformers-4.38.0 triton-2.2.0 typer-0.9.4 typing-extensions-4.16.0 tzdata-2026.4 urllib3-2.8.0 uvicorn-0.27.1 wasabi-1.1.3 watchdog-6.0.0 weasel-0.3.4
mine-and-evolve	Baixar Modelo spaCy (PT)	´╗┐2026-09-27T20:11:42.7366344Z ##[group]Run pip install "https://github.com/explosion/spacy-models/releases/download/pt_core_news_sm-3.7.0/pt_core_news_sm-3.7.0-py3-none-any.whl"
mine-and-evolve	Baixar Modelo spaCy (PT)	2026-09-27T20:11:42.7367467Z [36;1mpip install "https://github.com/explosion/spacy-models/releases/download/pt_core_news_sm-3.7.0/pt_core_news_sm-3.7.0-py3-none-any.whl"[0m
mine-and-evolve	Baixar Modelo spaCy (PT)	2026-09-27T20:11:42.7432189Z shell: /usr/bin/bash -e {0}
mine-and-evolve	Baixar Modelo spaCy (PT)	2026-09-27T20:11:42.7432472Z env:
mine-and-evolve	Baixar Modelo spaCy (PT)	2026-09-27T20:11:42.7432760Z   pythonLocation: /opt/hostedtoolcache/Python/3.10.21/x64
mine-and-evolve	Baixar Modelo spaCy (PT)	2026-09-27T20:11:42.7433245Z   PKG_CONFIG_PATH: /opt/hostedtoolcache/Python/3.10.21/x64/lib/pkgconfig
mine-and-evolve	Baixar Modelo spaCy (PT)	2026-09-27T20:11:42.7433865Z   Python_ROOT_DIR: /opt/hostedtoolcache/Python/3.10.21/x64
mine-and-evolve	Baixar Modelo spaCy (PT)	2026-09-27T20:11:42.7434304Z   Python2_ROOT_DIR: /opt/hostedtoolcache/Python/3.10.21/x64
mine-and-evolve	Baixar Modelo spaCy (PT)	2026-09-27T20:11:42.7434723Z   Python3_ROOT_DIR: /opt/hostedtoolcache/Python/3.10.21/x64
mine-and-evolve	Baixar Modelo spaCy (PT)	2026-09-27T20:11:42.7435158Z   LD_LIBRARY_PATH: /opt/hostedtoolcache/Python/3.10.21/x64/lib
mine-and-evolve	Baixar Modelo spaCy (PT)	2026-09-27T20:11:42.7435514Z ##[endgroup]
mine-and-evolve	Baixar Modelo spaCy (PT)	2026-09-27T20:11:43.5854019Z Collecting pt-core-news-sm==3.7.0
mine-and-evolve	Baixar Modelo spaCy (PT)	2026-09-27T20:11:43.9430014Z   Downloading pt_core_news_sm-3.7.0-py3-none-any.whl (13.0 MB)
mine-and-evolve	Baixar Modelo spaCy (PT)	2026-09-27T20:11:44.0871192Z      ÔöüÔöüÔöüÔöüÔöüÔöüÔöüÔöüÔöüÔöüÔöüÔöüÔöüÔöüÔöüÔöüÔöüÔöüÔöüÔöüÔöüÔöüÔöüÔöüÔöüÔöüÔöüÔöüÔöüÔöüÔöüÔöüÔöüÔöüÔöüÔöüÔöüÔöüÔöüÔöü 13.0/13.0 MB 108.8 MB/s  0:00:00
mine-and-evolve	Baixar Modelo spaCy (PT)	2026-09-27T20:11:44.1018707Z Requirement already satisfied: spacy<3.8.0,>=3.7.0 in /opt/hostedtoolcache/Python/3.10.21/x64/lib/python3.10/site-packages (from pt-core-news-sm==3.7.0) (3.7.2)
mine-and-evolve	Baixar Modelo spaCy (PT)	2026-09-27T20:11:44.1153684Z Requirement already satisfied: spacy-legacy<3.1.0,>=3.0.11 in /opt/hostedtoolcache/Python/3.10.21/x64/lib/python3.10/site-packages (from spacy<3.8.0,>=3.7.0->pt-core-news-sm==3.7.0) (3.0.12)
mine-and-evolve	Baixar Modelo spaCy (PT)	2026-09-27T20:11:44.1158845Z Requirement already satisfied: spacy-loggers<2.0.0,>=1.0.0 in /opt/hostedtoolcache/Python/3.10.21/x64/lib/python3.10/site-packages (from spacy<3.8.0,>=3.7.0->pt-core-news-sm==3.7.0) (1.0.5)
mine-and-evolve	Baixar Modelo spaCy (PT)	2026-09-27T20:11:44.1164245Z Requirement already satisfied: murmurhash<1.1.0,>=0.28.0 in /opt/hostedtoolcache/Python/3.10.21/x64/lib/python3.10/site-packages (from spacy<3.8.0,>=3.7.0->pt-core-news-sm==3.7.0) (1.0.15)
mine-and-evolve	Baixar Modelo spaCy (PT)	2026-09-27T20:11:44.1169307Z Requirement already satisfied: cymem<2.1.0,>=2.0.2 in /opt/hostedtoolcache/Python/3.10.21/x64/lib/python3.10/site-packages (from spacy<3.8.0,>=3.7.0->pt-core-news-sm==3.7.0) (2.0.13)
mine-and-evolve	Baixar Modelo spaCy (PT)	2026-09-27T20:11:44.1174677Z Requirement already satisfied: preshed<3.1.0,>=3.0.2 in /opt/hostedtoolcache/Python/3.10.21/x64/lib/python3.10/site-packages (from spacy<3.8.0,>=3.7.0->pt-core-news-sm==3.7.0) (3.0.13)
mine-and-evolve	Baixar Modelo spaCy (PT)	2026-09-27T20:11:44.1179706Z Requirement already satisfied: thinc<8.3.0,>=8.1.8 in /opt/hostedtoolcache/Python/3.10.21/x64/lib/python3.10/site-packages (from spacy<3.8.0,>=3.7.0->pt-core-news-sm==3.7.0) (8.2.5)
mine-and-evolve	Baixar Modelo spaCy (PT)	2026-09-27T20:11:44.1185090Z Requirement already satisfied: wasabi<1.2.0,>=0.9.1 in /opt/hostedtoolcache/Python/3.10.21/x64/lib/python3.10/site-packages (from spacy<3.8.0,>=3.7.0->pt-core-news-sm==3.7.0) (1.1.3)
mine-and-evolve	Baixar Modelo spaCy (PT)	2026-09-27T20:11:44.1190230Z Requirement already satisfied: srsly<3.0.0,>=2.4.3 in /opt/hostedtoolcache/Python/3.10.21/x64/lib/python3.10/site-packages (from spacy<3.8.0,>=3.7.0->pt-core-news-sm==3.7.0) (2.5.3)
mine-and-evolve	Baixar Modelo spaCy (PT)	2026-09-27T20:11:44.1195371Z Requirement already satisfied: catalogue<2.1.0,>=2.0.6 in /opt/hostedtoolcache/Python/3.10.21/x64/lib/python3.10/site-packages (from spacy<3.8.0,>=3.7.0->pt-core-news-sm==3.7.0) (2.0.10)
mine-and-evolve	Baixar Modelo spaCy (PT)	2026-09-27T20:11:44.1200220Z Requirement already satisfied: weasel<0.4.0,>=0.1.0 in /opt/hostedtoolcache/Python/3.10.21/x64/lib/python3.10/site-packages (from spacy<3.8.0,>=3.7.0->pt-core-news-sm==3.7.0) (0.3.4)
mine-and-evolve	Baixar Modelo spaCy (PT)	2026-09-27T20:11:44.1205835Z Requirement already satisfied: typer<0.10.0,>=0.3.0 in /opt/hostedtoolcache/Python/3.10.21/x64/lib/python3.10/site-packages (from spacy<3.8.0,>=3.7.0->pt-core-news-sm==3.7.0) (0.9.4)
mine-and-evolve	Baixar Modelo spaCy (PT)	2026-09-27T20:11:44.1211534Z Requirement already satisfied: smart-open<7.0.0,>=5.2.1 in /opt/hostedtoolcache/Python/3.10.21/x64/lib/python3.10/site-packages (from spacy<3.8.0,>=3.7.0->pt-core-news-sm==3.7.0) (6.4.0)
mine-and-evolve	Baixar Modelo spaCy (PT)	2026-09-27T20:11:44.1216849Z Requirement already satisfied: tqdm<5.0.0,>=4.38.0 in /opt/hostedtoolcache/Python/3.10.21/x64/lib/python3.10/site-packages (from spacy<3.8.0,>=3.7.0->pt-core-news-sm==3.7.0) (4.70.1)
mine-and-evolve	Baixar Modelo spaCy (PT)	2026-09-27T20:11:44.1221959Z Requirement already satisfied: requests<3.0.0,>=2.13.0 in /opt/hostedtoolcache/Python/3.10.21/x64/lib/python3.10/site-packages (from spacy<3.8.0,>=3.7.0->pt-core-news-sm==3.7.0) (2.34.2)
mine-and-evolve	Baixar Modelo spaCy (PT)	2026-09-27T20:11:44.1227742Z Requirement already satisfied: pydantic!=1.8,!=1.8.1,<3.0.0,>=1.7.4 in /opt/hostedtoolcache/Python/3.10.21/x64/lib/python3.10/site-packages (from spacy<3.8.0,>=3.7.0->pt-core-news-sm==3.7.0) (2.6.4)
mine-and-evolve	Baixar Modelo spaCy (PT)	2026-09-27T20:11:44.1231704Z Requirement already satisfied: jinja2 in /opt/hostedtoolcache/Python/3.10.21/x64/lib/python3.10/site-packages (from spacy<3.8.0,>=3.7.0->pt-core-news-sm==3.7.0) (3.1.6)
mine-and-evolve	Baixar Modelo spaCy (PT)	2026-09-27T20:11:44.1235941Z Requirement already satisfied: setuptools in /opt/hostedtoolcache/Python/3.10.21/x64/lib/python3.10/site-packages (from spacy<3.8.0,>=3.7.0->pt-core-news-sm==3.7.0) (79.0.1)
mine-and-evolve	Baixar Modelo spaCy (PT)	2026-09-27T20:11:44.1240547Z Requirement already satisfied: packaging>=20.0 in /opt/hostedtoolcache/Python/3.10.21/x64/lib/python3.10/site-packages (from spacy<3.8.0,>=3.7.0->pt-core-news-sm==3.7.0) (23.2)
mine-and-evolve	Baixar Modelo spaCy (PT)	2026-09-27T20:11:44.1245743Z Requirement already satisfied: langcodes<4.0.0,>=3.2.0 in /opt/hostedtoolcache/Python/3.10.21/x64/lib/python3.10/site-packages (from spacy<3.8.0,>=3.7.0->pt-core-news-sm==3.7.0) (3.5.1)
mine-and-evolve	Baixar Modelo spaCy (PT)	2026-09-27T20:11:44.1252324Z Requirement already satisfied: numpy>=1.19.0 in /opt/hostedtoolcache/Python/3.10.21/x64/lib/python3.10/site-packages (from spacy<3.8.0,>=3.7.0->pt-core-news-sm==3.7.0) (1.26.4)
mine-and-evolve	Baixar Modelo spaCy (PT)	2026-09-27T20:11:44.1325569Z Requirement already satisfied: annotated-types>=0.4.0 in /opt/hostedtoolcache/Python/3.10.21/x64/lib/python3.10/site-packages (from pydantic!=1.8,!=1.8.1,<3.0.0,>=1.7.4->spacy<3.8.0,>=3.7.0->pt-core-news-sm==3.7.0) (0.8.0)
mine-and-evolve	Baixar Modelo spaCy (PT)	2026-09-27T20:11:44.1330958Z Requirement already satisfied: pydantic-core==2.16.3 in /opt/hostedtoolcache/Python/3.10.21/x64/lib/python3.10/site-packages (from pydantic!=1.8,!=1.8.1,<3.0.0,>=1.7.4->spacy<3.8.0,>=3.7.0->pt-core-news-sm==3.7.0) (2.16.3)
mine-and-evolve	Baixar Modelo spaCy (PT)	2026-09-27T20:11:44.1335967Z Requirement already satisfied: typing-extensions>=4.6.1 in /opt/hostedtoolcache/Python/3.10.21/x64/lib/python3.10/site-packages (from pydantic!=1.8,!=1.8.1,<3.0.0,>=1.7.4->spacy<3.8.0,>=3.7.0->pt-core-news-sm==3.7.0) (4.16.0)
mine-and-evolve	Baixar Modelo spaCy (PT)	2026-09-27T20:11:44.1368727Z Requirement already satisfied: charset_normalizer<4,>=2 in /opt/hostedtoolcache/Python/3.10.21/x64/lib/python3.10/site-packages (from requests<3.0.0,>=2.13.0->spacy<3.8.0,>=3.7.0->pt-core-news-sm==3.7.0) (3.5.1)
mine-and-evolve	Baixar Modelo spaCy (PT)	2026-09-27T20:11:44.1374141Z Requirement already satisfied: idna<4,>=2.5 in /opt/hostedtoolcache/Python/3.10.21/x64/lib/python3.10/site-packages (from requests<3.0.0,>=2.13.0->spacy<3.8.0,>=3.7.0->pt-core-news-sm==3.7.0) (3.20)
mine-and-evolve	Baixar Modelo spaCy (PT)	2026-09-27T20:11:44.1379277Z Requirement already satisfied: urllib3<3,>=1.26 in /opt/hostedtoolcache/Python/3.10.21/x64/lib/python3.10/site-packages (from requests<3.0.0,>=2.13.0->spacy<3.8.0,>=3.7.0->pt-core-news-sm==3.7.0) (2.8.0)
mine-and-evolve	Baixar Modelo spaCy (PT)	2026-09-27T20:11:44.1384310Z Requirement already satisfied: certifi>=2023.5.7 in /opt/hostedtoolcache/Python/3.10.21/x64/lib/python3.10/site-packages (from requests<3.0.0,>=2.13.0->spacy<3.8.0,>=3.7.0->pt-core-news-sm==3.7.0) (2026.7.22)
mine-and-evolve	Baixar Modelo spaCy (PT)	2026-09-27T20:11:44.1690790Z Requirement already satisfied: blis<0.8.0,>=0.7.8 in /opt/hostedtoolcache/Python/3.10.21/x64/lib/python3.10/site-packages (from thinc<8.3.0,>=8.1.8->spacy<3.8.0,>=3.7.0->pt-core-news-sm==3.7.0) (0.7.11)
mine-and-evolve	Baixar Modelo spaCy (PT)	2026-09-27T20:11:44.1704010Z Requirement already satisfied: confection<1.0.0,>=0.0.1 in /opt/hostedtoolcache/Python/3.10.21/x64/lib/python3.10/site-packages (from thinc<8.3.0,>=8.1.8->spacy<3.8.0,>=3.7.0->pt-core-news-sm==3.7.0) (0.1.5)
mine-and-evolve	Baixar Modelo spaCy (PT)	2026-09-27T20:11:44.1831467Z Requirement already satisfied: click<9.0.0,>=7.1.1 in /opt/hostedtoolcache/Python/3.10.21/x64/lib/python3.10/site-packages (from typer<0.10.0,>=0.3.0->spacy<3.8.0,>=3.7.0->pt-core-news-sm==3.7.0) (8.5.0)
mine-and-evolve	Baixar Modelo spaCy (PT)	2026-09-27T20:11:44.1892950Z Requirement already satisfied: cloudpathlib<0.17.0,>=0.7.0 in /opt/hostedtoolcache/Python/3.10.21/x64/lib/python3.10/site-packages (from weasel<0.4.0,>=0.1.0->spacy<3.8.0,>=3.7.0->pt-core-news-sm==3.7.0) (0.16.0)
mine-and-evolve	Baixar Modelo spaCy (PT)	2026-09-27T20:11:44.1960524Z Requirement already satisfied: MarkupSafe>=2.0 in /opt/hostedtoolcache/Python/3.10.21/x64/lib/python3.10/site-packages (from jinja2->spacy<3.8.0,>=3.7.0->pt-core-news-sm==3.7.0) (3.0.3)
mine-and-evolve	Baixar Modelo spaCy (PT)	2026-09-27T20:11:44.5038354Z Installing collected packages: pt-core-news-sm
mine-and-evolve	Baixar Modelo spaCy (PT)	2026-09-27T20:11:44.6068176Z Successfully installed pt-core-news-sm-3.7.0
mine-and-evolve	Executar Motor de Minera├º├úo e Ingest├úo	´╗┐2026-09-27T20:11:44.6674196Z ##[group]Run python scripts/worker_cycle.py
mine-and-evolve	Executar Motor de Minera├º├úo e Ingest├úo	2026-09-27T20:11:44.6674601Z [36;1mpython scripts/worker_cycle.py[0m
mine-and-evolve	Executar Motor de Minera├º├úo e Ingest├úo	2026-09-27T20:11:44.6738503Z shell: /usr/bin/bash -e {0}
mine-and-evolve	Executar Motor de Minera├º├úo e Ingest├úo	2026-09-27T20:11:44.6738783Z env:
mine-and-evolve	Executar Motor de Minera├º├úo e Ingest├úo	2026-09-27T20:11:44.6739069Z   pythonLocation: /opt/hostedtoolcache/Python/3.10.21/x64
mine-and-evolve	Executar Motor de Minera├º├úo e Ingest├úo	2026-09-27T20:11:44.6739541Z   PKG_CONFIG_PATH: /opt/hostedtoolcache/Python/3.10.21/x64/lib/pkgconfig
mine-and-evolve	Executar Motor de Minera├º├úo e Ingest├úo	2026-09-27T20:11:44.6739999Z   Python_ROOT_DIR: /opt/hostedtoolcache/Python/3.10.21/x64
mine-and-evolve	Executar Motor de Minera├º├úo e Ingest├úo	2026-09-27T20:11:44.6740623Z   Python2_ROOT_DIR: /opt/hostedtoolcache/Python/3.10.21/x64
mine-and-evolve	Executar Motor de Minera├º├úo e Ingest├úo	2026-09-27T20:11:44.6741043Z   Python3_ROOT_DIR: /opt/hostedtoolcache/Python/3.10.21/x64
mine-and-evolve	Executar Motor de Minera├º├úo e Ingest├úo	2026-09-27T20:11:44.6741457Z   LD_LIBRARY_PATH: /opt/hostedtoolcache/Python/3.10.21/x64/lib
mine-and-evolve	Executar Motor de Minera├º├úo e Ingest├úo	2026-09-27T20:11:44.6742122Z   NEXUS_API_TOKEN: ***
mine-and-evolve	Executar Motor de Minera├º├úo e Ingest├úo	2026-09-27T20:11:44.6742469Z   HF_SPACE_URL: ***
mine-and-evolve	Executar Motor de Minera├º├úo e Ingest├úo	2026-09-27T20:11:44.6742743Z   HF_TOKEN: ***
mine-and-evolve	Executar Motor de Minera├º├úo e Ingest├úo	2026-09-27T20:11:44.6743026Z   PYTHONPATH: /home/runner/work/Nexus-Alpha/Nexus-Alpha
mine-and-evolve	Executar Motor de Minera├º├úo e Ingest├úo	2026-09-27T20:11:44.6743362Z ##[endgroup]
mine-and-evolve	Executar Motor de Minera├º├úo e Ingest├úo	2026-09-27T20:11:45.8232682Z INFO:src.cognition.reasoning_engine:[THOUGHT - 1_OBJETIVO_RECEBIDO]: Expandir conhecimento sobre: 'Intelig├¬ncia Artificial'
mine-and-evolve	Executar Motor de Minera├º├úo e Ingest├úo	2026-09-27T20:11:45.8234037Z INFO:src.cognition.reasoning_engine:[THOUGHT - 2_ANALISE_DE_MEMORIA]: Verificando base interna. Fatos locais encontrados: 0
mine-and-evolve	Executar Motor de Minera├º├úo e Ingest├úo	2026-09-27T20:11:45.8235537Z INFO:src.cognition.reasoning_engine:[THOUGHT - 3_DECISAO_ESTRATEGICA]: Nenhuma informa├º├úo local. Necess├írio iniciar varredura web completa.
mine-and-evolve	Executar Motor de Minera├º├úo e Ingest├úo	2026-09-27T20:11:45.8236750Z INFO:nexus.worker:Plano de a├º├úo: BUSCA_TOTAL ÔÇö queries=3
mine-and-evolve	Executar Motor de Minera├º├úo e Ingest├úo	2026-09-27T20:11:48.4526592Z INFO:src.cognition.extractor:spaCy carregado: pt_core_news_sm
mine-and-evolve	Executar Motor de Minera├º├úo e Ingest├úo	2026-09-27T20:11:48.4692719Z INFO:nexus.worker:Clusters curados: {'configured': 7, 'urls_injected': 16, 'domains_expected': 7, 'distinct_publishers_expected': 6}
mine-and-evolve	Executar Motor de Minera├º├úo e Ingest├úo	2026-09-27T20:11:48.4693985Z INFO:nexus.worker:Clusters curados: +16 URLs -> 44 no total.
mine-and-evolve	Executar Motor de Minera├º├úo e Ingest├úo	2026-09-27T20:11:48.4695057Z INFO:nexus.worker:Minerando 44 URLs (com seeds Wikip├®dia).
mine-and-evolve	Executar Motor de Minera├º├úo e Ingest├úo	2026-09-27T20:11:48.5803190Z INFO:httpx:HTTP Request: GET https://en.wikipedia.org/wiki/Pel%C3%A9 "HTTP/1.1 200 OK"
mine-and-evolve	Executar Motor de Minera├º├úo e Ingest├úo	2026-09-27T20:11:48.6488509Z INFO:httpx:HTTP Request: GET https://pt.wikipedia.org/wiki/Est%C3%A1dio_Urbano_Caldeira "HTTP/1.1 200 OK"
mine-and-evolve	Executar Motor de Minera├º├úo e Ingest├úo	2026-09-27T20:11:48.6501425Z INFO:httpx:HTTP Request: GET https://pt.wikipedia.org/wiki/Garrincha "HTTP/1.1 200 OK"
mine-and-evolve	Executar Motor de Minera├º├úo e Ingest├úo	2026-09-27T20:11:48.6718243Z INFO:httpx:HTTP Request: GET https://en.wikipedia.org/wiki/Botafogo_de_Futebol_e_Regatas "HTTP/1.1 200 OK"
mine-and-evolve	Executar Motor de Minera├º├úo e Ingest├úo	2026-09-27T20:11:48.7521789Z INFO:httpx:HTTP Request: GET https://en.wikipedia.org/wiki/Est%C3%A1dio_Urbano_Caldeira "HTTP/1.1 200 OK"
mine-and-evolve	Executar Motor de Minera├º├úo e Ingest├úo	2026-09-27T20:11:48.7866641Z INFO:httpx:HTTP Request: GET https://en.wikipedia.org/wiki/Santos_FC "HTTP/1.1 200 OK"
mine-and-evolve	Executar Motor de Minera├º├úo e Ingest├úo	2026-09-27T20:11:48.7982525Z INFO:httpx:HTTP Request: GET https://pt.wikipedia.org/wiki/Santos_FC "HTTP/1.1 200 OK"
mine-and-evolve	Executar Motor de Minera├º├úo e Ingest├úo	2026-09-27T20:11:48.8155430Z INFO:httpx:HTTP Request: GET https://en.wikipedia.org/wiki/Garrincha "HTTP/1.1 200 OK"
mine-and-evolve	Executar Motor de Minera├º├úo e Ingest├úo	2026-09-27T20:11:48.8872631Z INFO:httpx:HTTP Request: GET https://pt.wikipedia.org/wiki/Botafogo_de_Futebol_e_Regatas "HTTP/1.1 200 OK"
mine-and-evolve	Executar Motor de Minera├º├úo e Ingest├úo	2026-09-27T20:11:48.9129137Z INFO:httpx:HTTP Request: GET https://pt.wikipedia.org/wiki/Pel%C3%A9 "HTTP/1.1 200 OK"
mine-and-evolve	Executar Motor de Minera├º├úo e Ingest├úo	2026-09-27T20:11:48.9647662Z INFO:httpx:HTTP Request: GET https://pt.wikipedia.org/wiki/Intelig%C3%AAncia_artificial "HTTP/1.1 200 OK"
mine-and-evolve	Executar Motor de Minera├º├úo e Ingest├úo	2026-09-27T20:11:48.9851594Z INFO:httpx:HTTP Request: GET https://pt.wikipedia.org/wiki/Aprendizado_de_m%C3%A1quina "HTTP/1.1 200 OK"
mine-and-evolve	Executar Motor de Minera├º├úo e Ingest├úo	2026-09-27T20:11:49.0064013Z INFO:httpx:HTTP Request: GET https://pt.wikipedia.org/wiki/Rede_neural_artificial "HTTP/1.1 200 OK"
mine-and-evolve	Executar Motor de Minera├º├úo e Ingest├úo	2026-09-27T20:11:49.0263963Z INFO:httpx:HTTP Request: GET https://pt.wikipedia.org/wiki/Aprendizado_profundo "HTTP/1.1 200 OK"
mine-and-evolve	Executar Motor de Minera├º├úo e Ingest├úo	2026-09-27T20:11:49.0315244Z INFO:httpx:HTTP Request: GET https://pt.wikipedia.org/wiki/Processamento_de_linguagem_natural "HTTP/1.1 200 OK"
mine-and-evolve	Executar Motor de Minera├º├úo e Ingest├úo	2026-09-27T20:11:49.0406554Z INFO:httpx:HTTP Request: GET https://www.botafogo.com.br/ "HTTP/1.1 200 OK"
mine-and-evolve	Executar Motor de Minera├º├úo e Ingest├úo	2026-09-27T20:11:49.0571545Z INFO:httpx:HTTP Request: GET https://pt.wikipedia.org/wiki/Aprendizado_por_refor%C3%A7o "HTTP/1.1 200 OK"
mine-and-evolve	Executar Motor de Minera├º├úo e Ingest├úo	2026-09-27T20:11:49.0751802Z INFO:httpx:HTTP Request: GET https://www.santosfc.com.br/institucional/historia "HTTP/1.1 301 Moved Permanently"
mine-and-evolve	Executar Motor de Minera├º├úo e Ingest├úo	2026-09-27T20:11:49.0800423Z INFO:httpx:HTTP Request: GET https://pt.wikipedia.org/wiki/Intelig%C3%AAncia_artificial_geral "HTTP/1.1 200 OK"
mine-and-evolve	Executar Motor de Minera├º├úo e Ingest├úo	2026-09-27T20:11:49.0959310Z INFO:httpx:HTTP Request: GET https://en.wikipedia.org/wiki/Artificial_intelligence "HTTP/1.1 200 OK"
mine-and-evolve	Executar Motor de Minera├º├úo e Ingest├úo	2026-09-27T20:11:49.1165371Z INFO:httpx:HTTP Request: GET https://en.wikipedia.org/wiki/Machine_learning "HTTP/1.1 200 OK"
mine-and-evolve	Executar Motor de Minera├º├úo e Ingest├úo	2026-09-27T20:11:49.1297170Z INFO:httpx:HTTP Request: GET https://gazetadoparana.com.br/artigo/garrincha-botafogo-historia-craque-futebol-arte "HTTP/1.1 200 OK"
mine-and-evolve	Executar Motor de Minera├º├úo e Ingest├úo	2026-09-27T20:11:49.2083376Z INFO:httpx:HTTP Request: GET https://pt.wikipedia.org/wiki/Visi%C3%A3o_computacional "HTTP/1.1 404 Not Found"
mine-and-evolve	Executar Motor de Minera├º├úo e Ingest├úo	2026-09-27T20:11:49.2094384Z ERROR:src.miner.web_miner:[https://pt.wikipedia.org/wiki/Visi%C3%A3o_computacional] status 404 n├úo recuper├ível.
mine-and-evolve	Executar Motor de Minera├º├úo e Ingest├úo	2026-09-27T20:11:49.2692395Z INFO:httpx:HTTP Request: GET https://huggingface.co/docs/transformers/index "HTTP/1.1 200 OK"
mine-and-evolve	Executar Motor de Minera├º├úo e Ingest├úo	2026-09-27T20:11:49.2816480Z INFO:httpx:HTTP Request: GET https://pytorch.org/tutorials/beginner/basics/intro.html "HTTP/1.1 301 Moved Permanently"
mine-and-evolve	Executar Motor de Minera├º├úo e Ingest├úo	2026-09-27T20:11:49.3297056Z INFO:httpx:HTTP Request: GET https://paperswithcode.com/area/natural-language-processing "HTTP/1.1 302 Found"
mine-and-evolve	Executar Motor de Minera├º├úo e Ingest├úo	2026-09-27T20:11:49.3347649Z INFO:httpx:HTTP Request: GET https://ollama.com/library "HTTP/1.1 200 OK"
mine-and-evolve	Executar Motor de Minera├º├úo e Ingest├úo	2026-09-27T20:11:49.3650673Z INFO:httpx:HTTP Request: GET https://plato.stanford.edu/entries/artificial-intelligence/ "HTTP/1.1 200 OK"
mine-and-evolve	Executar Motor de Minera├º├úo e Ingest├úo	2026-09-27T20:11:49.3680996Z INFO:httpx:HTTP Request: GET https://www.nist.gov/artificial-intelligence "HTTP/1.1 200 OK"
mine-and-evolve	Executar Motor de Minera├º├úo e Ingest├úo	2026-09-27T20:11:49.3727693Z INFO:httpx:HTTP Request: GET https://scikit-learn.org/stable/modules/neural_networks_supervised.html "HTTP/1.1 200 OK"
mine-and-evolve	Executar Motor de Minera├º├úo e Ingest├úo	2026-09-27T20:11:49.3773568Z INFO:httpx:HTTP Request: GET https://research.google/blog/ "HTTP/1.1 200 OK"
mine-and-evolve	Executar Motor de Minera├º├úo e Ingest├úo	2026-09-27T20:11:49.4337096Z INFO:httpx:HTTP Request: GET https://www.geeksforgeeks.org/what-is-artificial-intelligence/ "HTTP/1.1 307 Temporary Redirect"
mine-and-evolve	Executar Motor de Minera├º├úo e Ingest├úo	2026-09-27T20:11:49.4476733Z INFO:httpx:HTTP Request: GET https://arxiv.org/abs/2303.08774 "HTTP/1.1 200 OK"
mine-and-evolve	Executar Motor de Minera├º├úo e Ingest├úo	2026-09-27T20:11:49.4801637Z INFO:httpx:HTTP Request: GET https://www.ibm.com/think/topics/artificial-intelligence "HTTP/1.1 200 OK"
mine-and-evolve	Executar Motor de Minera├º├úo e Ingest├úo	2026-09-27T20:11:49.5285734Z INFO:httpx:HTTP Request: GET https://news.mit.edu/topic/artificial-intelligence2 "HTTP/1.1 200 OK"
mine-and-evolve	Executar Motor de Minera├º├úo e Ingest├úo	2026-09-27T20:11:49.5331704Z INFO:httpx:HTTP Request: GET https://duckduckgo.com/html/?q=Intelig%C3%AAncia%20Artificial "HTTP/1.1 302 Moved Temporarily"
mine-and-evolve	Executar Motor de Minera├º├úo e Ingest├úo	2026-09-27T20:11:49.5584236Z INFO:httpx:HTTP Request: GET https://developer.mozilla.org/en-US/docs/Glossary/Machine_learning "HTTP/1.1 404 Not Found"
mine-and-evolve	Executar Motor de Minera├º├úo e Ingest├úo	2026-09-27T20:11:49.5601736Z ERROR:src.miner.web_miner:[https://developer.mozilla.org/en-US/docs/Glossary/Machine_learning] status 404 n├úo recuper├ível.
mine-and-evolve	Executar Motor de Minera├º├úo e Ingest├úo	2026-09-27T20:11:49.5867252Z INFO:httpx:HTTP Request: GET https://duckduckgo.com/html/?q=conceito%20fundamental%20de%20Intelig%C3%AAncia%20Artificial "HTTP/1.1 302 Moved Temporarily"
mine-and-evolve	Executar Motor de Minera├º├úo e Ingest├úo	2026-09-27T20:11:49.6017967Z INFO:httpx:HTTP Request: GET https://www.geeksforgeeks.org/what-is-artificial-intelligence-ai/ "HTTP/1.1 307 Temporary Redirect"
mine-and-evolve	Executar Motor de Minera├º├úo e Ingest├úo	2026-09-27T20:11:49.6127222Z INFO:httpx:HTTP Request: GET https://duckduckgo.com/html/?q=%C3%BAltimas%20descobertas%20em%20Intelig%C3%AAncia%20Artificial "HTTP/1.1 302 Moved Temporarily"
mine-and-evolve	Executar Motor de Minera├º├úo e Ingest├úo	2026-09-27T20:11:49.6366956Z INFO:httpx:HTTP Request: GET https://spectrum.ieee.org/artificial-intelligence "HTTP/1.1 301 Moved Permanently"
mine-and-evolve	Executar Motor de Minera├º├úo e Ingest├úo	2026-09-27T20:11:49.6488844Z INFO:httpx:HTTP Request: GET https://www.geeksforgeeks.org/artificial-intelligence/what-is-artificial-intelligence-ai/ "HTTP/1.1 200 OK"
mine-and-evolve	Executar Motor de Minera├º├úo e Ingest├úo	2026-09-27T20:11:49.6765819Z INFO:httpx:HTTP Request: GET https://www.rsssf.org/tablesb/brazchamp.html "HTTP/1.1 200 OK"
mine-and-evolve	Executar Motor de Minera├º├úo e Ingest├úo	2026-09-27T20:11:49.6777809Z INFO:httpx:HTTP Request: GET https://www.rsssf.org/sacups/copalib.html "HTTP/1.1 200 OK"
mine-and-evolve	Executar Motor de Minera├º├úo e Ingest├úo	2026-09-27T20:11:49.6997079Z INFO:httpx:HTTP Request: GET https://spectrum.ieee.org/topic/artificial-intelligence/ "HTTP/1.1 200 OK"
mine-and-evolve	Executar Motor de Minera├º├úo e Ingest├úo	2026-09-27T20:11:49.7281668Z INFO:httpx:HTTP Request: GET https://www.tensorflow.org/tutorials/quickstart/beginner "HTTP/1.1 200 OK"
mine-and-evolve	Executar Motor de Minera├º├úo e Ingest├úo	2026-09-27T20:11:49.7492559Z INFO:httpx:HTTP Request: GET https://docs.pytorch.org/tutorials/beginner/basics/intro.html "HTTP/1.1 200 OK"
mine-and-evolve	Executar Motor de Minera├º├úo e Ingest├úo	2026-09-27T20:11:49.7692656Z INFO:httpx:HTTP Request: GET https://huggingface.co/papers/trending "HTTP/1.1 200 OK"
mine-and-evolve	Executar Motor de Minera├º├úo e Ingest├úo	2026-09-27T20:11:50.2673587Z INFO:httpx:HTTP Request: GET https://html.duckduckgo.com/html/?q=conceito%20fundamental%20de%20Intelig%C3%AAncia%20Artificial "HTTP/1.1 200 OK"
mine-and-evolve	Executar Motor de Minera├º├úo e Ingest├úo	2026-09-27T20:11:50.2732284Z INFO:httpx:HTTP Request: GET https://html.duckduckgo.com/html/?q=%C3%BAltimas%20descobertas%20em%20Intelig%C3%AAncia%20Artificial "HTTP/1.1 200 OK"
mine-and-evolve	Executar Motor de Minera├º├úo e Ingest├úo	2026-09-27T20:11:50.3100776Z INFO:httpx:HTTP Request: GET https://html.duckduckgo.com/html/?q=Intelig%C3%AAncia%20Artificial "HTTP/1.1 200 OK"
mine-and-evolve	Executar Motor de Minera├º├úo e Ingest├úo	2026-09-27T20:11:50.3115926Z INFO:httpx:HTTP Request: GET https://www.santosfc.com.br/historia-eterno-capitao-zito/ "HTTP/1.1 200 OK"
mine-and-evolve	Executar Motor de Minera├º├úo e Ingest├úo	2026-09-27T20:11:50.4469820Z INFO:httpx:HTTP Request: GET https://ge.globo.com/futebol/times/santos/ "HTTP/1.1 301 Moved Permanently"
mine-and-evolve	Executar Motor de Minera├º├úo e Ingest├úo	2026-09-27T20:11:50.8374362Z INFO:httpx:HTTP Request: GET https://ge.globo.com/sp/santos-e-regiao/futebol/times/santos/ "HTTP/1.1 200 OK"
mine-and-evolve	Executar Motor de Minera├º├úo e Ingest├úo	2026-09-27T20:12:27.2013929Z INFO:src.cognition.extractor:Extra├º├úo tabular {'attempted': 3, 'emitted': 3, 'skipped_no_html': 0, 'skipped_not_whitelisted': 0, 'error': 0} em https://pt.wikipedia.org/wiki/Santos_FC.
mine-and-evolve	Executar Motor de Minera├º├úo e Ingest├úo	2026-09-27T20:12:27.2016473Z INFO:src.cognition.extractor:Extrator produziu 25 tripletas (85 predicados rejeitados pelo guard: {'invalid_predicate': 85}).
mine-and-evolve	Executar Motor de Minera├º├úo e Ingest├úo	2026-09-27T20:12:27.2058921Z INFO:src.miner.quarantine:Fato em quarentena (Hip├│tese Isolada (quarentena), score=0.90): https://pt.wikipedia.org/wiki/Santos_FC
mine-and-evolve	Executar Motor de Minera├º├úo e Ingest├úo	2026-09-27T20:12:28.9503243Z INFO:src.cognition.extractor:Extra├º├úo tabular {'attempted': 3, 'emitted': 3, 'skipped_no_html': 0, 'skipped_not_whitelisted': 0, 'error': 0} em https://en.wikipedia.org/wiki/Santos_FC.
mine-and-evolve	Executar Motor de Minera├º├úo e Ingest├úo	2026-09-27T20:12:28.9505587Z INFO:src.cognition.extractor:Extrator produziu 13 tripletas (301 predicados rejeitados pelo guard: {'invalid_predicate': 285, 'stopword_predicate': 14, 'nonverbal_predicate': 2}).
mine-and-evolve	Executar Motor de Minera├º├úo e Ingest├úo	2026-09-27T20:12:28.9547788Z INFO:src.miner.quarantine:Fato em quarentena (Hip├│tese Isolada (quarentena), score=0.90): https://en.wikipedia.org/wiki/Santos_FC
mine-and-evolve	Executar Motor de Minera├º├úo e Ingest├úo	2026-09-27T20:12:29.0040042Z INFO:src.cognition.extractor:Extrator produziu 4 tripletas (304 predicados rejeitados pelo guard: {'invalid_predicate': 288, 'stopword_predicate': 14, 'nonverbal_predicate': 2}).
mine-and-evolve	Executar Motor de Minera├º├úo e Ingest├úo	2026-09-27T20:12:29.0045061Z INFO:src.miner.quarantine:Fato em quarentena (Hip├│tese Isolada (quarentena), score=0.85): https://www.santosfc.com.br/institucional/historia
mine-and-evolve	Executar Motor de Minera├º├úo e Ingest├úo	2026-09-27T20:12:29.0304990Z INFO:src.cognition.extractor:Extrator produziu 0 tripletas (311 predicados rejeitados pelo guard: {'invalid_predicate': 295, 'stopword_predicate': 14, 'nonverbal_predicate': 2}).
mine-and-evolve	Executar Motor de Minera├º├úo e Ingest├úo	2026-09-27T20:12:29.0307908Z INFO:src.miner.quarantine:Fato em quarentena (Hip├│tese Isolada (quarentena), score=0.85): https://ge.globo.com/futebol/times/santos/
mine-and-evolve	Executar Motor de Minera├º├úo e Ingest├úo	2026-09-27T20:12:29.3364570Z INFO:src.cognition.extractor:Extrator produziu 14 tripletas (365 predicados rejeitados pelo guard: {'invalid_predicate': 349, 'stopword_predicate': 14, 'nonverbal_predicate': 2}).
mine-and-evolve	Executar Motor de Minera├º├úo e Ingest├úo	2026-09-27T20:12:29.3381477Z INFO:src.miner.quarantine:Fato em quarentena (Hip├│tese Isolada (quarentena), score=0.90): https://pt.wikipedia.org/wiki/Est%C3%A1dio_Urbano_Caldeira
mine-and-evolve	Executar Motor de Minera├º├úo e Ingest├úo	2026-09-27T20:12:29.5834103Z INFO:src.cognition.extractor:Extrator produziu 24 tripletas (397 predicados rejeitados pelo guard: {'invalid_predicate': 381, 'stopword_predicate': 14, 'nonverbal_predicate': 2}).
mine-and-evolve	Executar Motor de Minera├º├úo e Ingest├úo	2026-09-27T20:12:29.5847602Z INFO:src.miner.quarantine:Fato em quarentena (Hip├│tese Isolada (quarentena), score=0.90): https://en.wikipedia.org/wiki/Est%C3%A1dio_Urbano_Caldeira
mine-and-evolve	Executar Motor de Minera├º├úo e Ingest├úo	2026-09-27T20:12:31.6663495Z INFO:src.cognition.extractor:Extrator produziu 25 tripletas (500 predicados rejeitados pelo guard: {'invalid_predicate': 484, 'stopword_predicate': 14, 'nonverbal_predicate': 2}).
mine-and-evolve	Executar Motor de Minera├º├úo e Ingest├úo	2026-09-27T20:12:31.6751820Z INFO:src.miner.quarantine:Fato em quarentena (Hip├│tese Isolada (quarentena), score=0.90): https://pt.wikipedia.org/wiki/Pel%C3%A9
mine-and-evolve	Executar Motor de Minera├º├úo e Ingest├úo	2026-09-27T20:12:32.5820187Z INFO:src.cognition.extractor:Extrator produziu 25 tripletas (703 predicados rejeitados pelo guard: {'invalid_predicate': 669, 'stopword_predicate': 30, 'nonverbal_predicate': 4}).
mine-and-evolve	Executar Motor de Minera├º├úo e Ingest├úo	2026-09-27T20:12:32.5858443Z INFO:src.miner.quarantine:Fato em quarentena (Hip├│tese Isolada (quarentena), score=0.90): https://en.wikipedia.org/wiki/Pel%C3%A9
mine-and-evolve	Executar Motor de Minera├º├úo e Ingest├úo	2026-09-27T20:12:33.3692157Z INFO:src.cognition.extractor:Extrator produziu 25 tripletas (788 predicados rejeitados pelo guard: {'invalid_predicate': 754, 'stopword_predicate': 30, 'nonverbal_predicate': 4}).
mine-and-evolve	Executar Motor de Minera├º├úo e Ingest├úo	2026-09-27T20:12:33.3725665Z INFO:src.miner.quarantine:Fato em quarentena (Hip├│tese Isolada (quarentena), score=0.90): https://pt.wikipedia.org/wiki/Garrincha
mine-and-evolve	Executar Motor de Minera├º├úo e Ingest├úo	2026-09-27T20:12:33.8394252Z INFO:src.cognition.extractor:Extrator produziu 21 tripletas (877 predicados rejeitados pelo guard: {'invalid_predicate': 833, 'stopword_predicate': 38, 'nonverbal_predicate': 6}).
mine-and-evolve	Executar Motor de Minera├º├úo e Ingest├úo	2026-09-27T20:12:33.8415553Z INFO:src.miner.quarantine:Fato em quarentena (Hip├│tese Isolada (quarentena), score=0.90): https://en.wikipedia.org/wiki/Garrincha
mine-and-evolve	Executar Motor de Minera├º├úo e Ingest├úo	2026-09-27T20:12:35.1536770Z INFO:src.cognition.extractor:Extra├º├úo tabular {'attempted': 8, 'emitted': 8, 'skipped_no_html': 0, 'skipped_not_whitelisted': 0, 'error': 0} em https://pt.wikipedia.org/wiki/Botafogo_de_Futebol_e_Regatas.
mine-and-evolve	Executar Motor de Minera├º├úo e Ingest├úo	2026-09-27T20:12:35.1539178Z INFO:src.cognition.extractor:Extrator produziu 25 tripletas (970 predicados rejeitados pelo guard: {'invalid_predicate': 926, 'stopword_predicate': 38, 'nonverbal_predicate': 6}).
mine-and-evolve	Executar Motor de Minera├º├úo e Ingest├úo	2026-09-27T20:12:35.1577601Z INFO:src.miner.quarantine:Fato em quarentena (Hip├│tese Isolada (quarentena), score=0.90): https://pt.wikipedia.org/wiki/Botafogo_de_Futebol_e_Regatas
mine-and-evolve	Executar Motor de Minera├º├úo e Ingest├úo	2026-09-27T20:12:35.7722611Z INFO:src.cognition.extractor:Extra├º├úo tabular {'attempted': 4, 'emitted': 4, 'skipped_no_html': 0, 'skipped_not_whitelisted': 0, 'error': 0} em https://en.wikipedia.org/wiki/Botafogo_de_Futebol_e_Regatas.
mine-and-evolve	Executar Motor de Minera├º├úo e Ingest├úo	2026-09-27T20:12:35.7725139Z INFO:src.cognition.extractor:Extrator produziu 18 tripletas (1030 predicados rejeitados pelo guard: {'invalid_predicate': 983, 'stopword_predicate': 41, 'nonverbal_predicate': 6}).
mine-and-evolve	Executar Motor de Minera├º├úo e Ingest├úo	2026-09-27T20:12:35.7741153Z INFO:src.miner.quarantine:Fato em quarentena (Hip├│tese Isolada (quarentena), score=0.90): https://en.wikipedia.org/wiki/Botafogo_de_Futebol_e_Regatas
mine-and-evolve	Executar Motor de Minera├º├úo e Ingest├úo	2026-09-27T20:12:37.0810785Z INFO:src.cognition.extractor:Extrator produziu 0 tripletas (1033 predicados rejeitados pelo guard: {'invalid_predicate': 985, 'stopword_predicate': 41, 'nonverbal_predicate': 6, 'url_or_code_predicate': 1}).
mine-and-evolve	Executar Motor de Minera├º├úo e Ingest├úo	2026-09-27T20:12:37.0834525Z INFO:src.miner.quarantine:Fato em quarentena (Hip├│tese Isolada (quarentena), score=0.85): https://www.botafogo.com.br/
mine-and-evolve	Executar Motor de Minera├º├úo e Ingest├úo	2026-09-27T20:12:37.0840858Z INFO:src.miner.quarantine:Fato em quarentena (domain_score abaixo do limiar, score=0.60): https://gazetadoparana.com.br/artigo/garrincha-botafogo-historia-craque-futebol-arte
mine-and-evolve	Executar Motor de Minera├º├úo e Ingest├úo	2026-09-27T20:12:37.2428979Z INFO:src.cognition.extractor:Narrativa suprimida (table_only): 2 triplas de https://www.rsssf.org/sacups/copalib.html.
mine-and-evolve	Executar Motor de Minera├º├úo e Ingest├úo	2026-09-27T20:12:37.2742618Z INFO:src.cognition.extractor:Extra├º├úo tabular {'attempted': 4, 'emitted': 4, 'skipped_no_html': 0, 'skipped_not_whitelisted': 0, 'error': 0} em https://www.rsssf.org/sacups/copalib.html.
mine-and-evolve	Executar Motor de Minera├º├úo e Ingest├úo	2026-09-27T20:12:37.2745479Z INFO:src.cognition.extractor:Extrator produziu 0 tripletas (1038 predicados rejeitados pelo guard: {'invalid_predicate': 987, 'stopword_predicate': 42, 'nonverbal_predicate': 6, 'url_or_code_predicate': 1, 'narrative_suppressed_table_only_source': 2}).
mine-and-evolve	Executar Motor de Minera├º├úo e Ingest├úo	2026-09-27T20:12:37.2753364Z INFO:src.miner.quarantine:Fato em quarentena (Hip├│tese Isolada (quarentena), score=0.90): https://www.rsssf.org/sacups/copalib.html
mine-and-evolve	Executar Motor de Minera├º├úo e Ingest├úo	2026-09-27T20:12:37.4954594Z INFO:src.cognition.extractor:Narrativa suprimida (table_only): 7 triplas de https://www.rsssf.org/tablesb/brazchamp.html.
mine-and-evolve	Executar Motor de Minera├º├úo e Ingest├úo	2026-09-27T20:12:37.5180674Z INFO:src.cognition.extractor:Extra├º├úo tabular {'attempted': 3, 'emitted': 3, 'skipped_no_html': 0, 'skipped_not_whitelisted': 0, 'error': 0} em https://www.rsssf.org/tablesb/brazchamp.html.
mine-and-evolve	Executar Motor de Minera├º├úo e Ingest├úo	2026-09-27T20:12:37.5183497Z INFO:src.cognition.extractor:Extrator produziu 0 tripletas (1056 predicados rejeitados pelo guard: {'invalid_predicate': 998, 'stopword_predicate': 42, 'nonverbal_predicate': 6, 'url_or_code_predicate': 1, 'narrative_suppressed_table_only_source': 9}).
mine-and-evolve	Executar Motor de Minera├º├úo e Ingest├úo	2026-09-27T20:12:37.5192912Z INFO:src.miner.quarantine:Fato em quarentena (Hip├│tese Isolada (quarentena), score=0.90): https://www.rsssf.org/tablesb/brazchamp.html
mine-and-evolve	Executar Motor de Minera├º├úo e Ingest├úo	2026-09-27T20:12:38.0965342Z INFO:src.cognition.extractor:Extrator produziu 15 tripletas (1171 predicados rejeitados pelo guard: {'invalid_predicate': 1113, 'stopword_predicate': 42, 'nonverbal_predicate': 6, 'url_or_code_predicate': 1, 'narrative_suppressed_table_only_source': 9}).
mine-and-evolve	Executar Motor de Minera├º├úo e Ingest├úo	2026-09-27T20:12:38.0995499Z INFO:src.miner.quarantine:Fato em quarentena (Hip├│tese Isolada (quarentena), score=0.90): https://pt.wikipedia.org/wiki/Intelig%C3%AAncia_artificial
mine-and-evolve	Executar Motor de Minera├º├úo e Ingest├úo	2026-09-27T20:12:38.5728551Z INFO:src.cognition.extractor:Extrator produziu 25 tripletas (1240 predicados rejeitados pelo guard: {'invalid_predicate': 1182, 'stopword_predicate': 42, 'nonverbal_predicate': 6, 'url_or_code_predicate': 1, 'narrative_suppressed_table_only_source': 9}).
mine-and-evolve	Executar Motor de Minera├º├úo e Ingest├úo	2026-09-27T20:12:38.5754555Z INFO:src.miner.quarantine:Fato em quarentena (Hip├│tese Isolada (quarentena), score=0.90): https://pt.wikipedia.org/wiki/Aprendizado_de_m%C3%A1quina
mine-and-evolve	Executar Motor de Minera├º├úo e Ingest├úo	2026-09-27T20:12:39.3160280Z INFO:src.cognition.extractor:Extrator produziu 25 tripletas (1309 predicados rejeitados pelo guard: {'invalid_predicate': 1251, 'stopword_predicate': 42, 'nonverbal_predicate': 6, 'url_or_code_predicate': 1, 'narrative_suppressed_table_only_source': 9}).
mine-and-evolve	Executar Motor de Minera├º├úo e Ingest├úo	2026-09-27T20:12:39.3195599Z INFO:src.miner.quarantine:Fato em quarentena (Hip├│tese Isolada (quarentena), score=0.90): https://pt.wikipedia.org/wiki/Rede_neural_artificial
mine-and-evolve	Executar Motor de Minera├º├úo e Ingest├úo	2026-09-27T20:12:40.2566189Z INFO:src.cognition.extractor:Extrator produziu 25 tripletas (1379 predicados rejeitados pelo guard: {'invalid_predicate': 1321, 'stopword_predicate': 42, 'nonverbal_predicate': 6, 'url_or_code_predicate': 1, 'narrative_suppressed_table_only_source': 9}).
mine-and-evolve	Executar Motor de Minera├º├úo e Ingest├úo	2026-09-27T20:12:40.2616601Z INFO:src.miner.quarantine:Fato em quarentena (Hip├│tese Isolada (quarentena), score=0.90): https://pt.wikipedia.org/wiki/Aprendizado_profundo
mine-and-evolve	Executar Motor de Minera├º├úo e Ingest├úo	2026-09-27T20:12:40.7189941Z INFO:src.cognition.extractor:Extrator produziu 20 tripletas (1447 predicados rejeitados pelo guard: {'invalid_predicate': 1389, 'stopword_predicate': 42, 'nonverbal_predicate': 6, 'url_or_code_predicate': 1, 'narrative_suppressed_table_only_source': 9}).
mine-and-evolve	Executar Motor de Minera├º├úo e Ingest├úo	2026-09-27T20:12:40.7211916Z INFO:src.miner.quarantine:Fato em quarentena (Hip├│tese Isolada (quarentena), score=0.90): https://pt.wikipedia.org/wiki/Processamento_de_linguagem_natural
mine-and-evolve	Executar Motor de Minera├º├úo e Ingest├úo	2026-09-27T20:12:41.3643039Z INFO:src.cognition.extractor:Extrator produziu 24 tripletas (1547 predicados rejeitados pelo guard: {'invalid_predicate': 1483, 'stopword_predicate': 42, 'nonverbal_predicate': 6, 'url_or_code_predicate': 7, 'narrative_suppressed_table_only_source': 9}).
mine-and-evolve	Executar Motor de Minera├º├úo e Ingest├úo	2026-09-27T20:12:41.3672309Z INFO:src.miner.quarantine:Fato em quarentena (Hip├│tese Isolada (quarentena), score=0.90): https://pt.wikipedia.org/wiki/Aprendizado_por_refor%C3%A7o
mine-and-evolve	Executar Motor de Minera├º├úo e Ingest├úo	2026-09-27T20:12:41.9742799Z INFO:src.cognition.extractor:Extrator produziu 23 tripletas (1668 predicados rejeitados pelo guard: {'invalid_predicate': 1604, 'stopword_predicate': 42, 'nonverbal_predicate': 6, 'url_or_code_predicate': 7, 'narrative_suppressed_table_only_source': 9}).
mine-and-evolve	Executar Motor de Minera├º├úo e Ingest├úo	2026-09-27T20:12:41.9769551Z INFO:src.miner.quarantine:Fato em quarentena (Hip├│tese Isolada (quarentena), score=0.90): https://pt.wikipedia.org/wiki/Intelig%C3%AAncia_artificial_geral
mine-and-evolve	Executar Motor de Minera├º├úo e Ingest├úo	2026-09-27T20:12:44.1058981Z INFO:src.cognition.extractor:Extrator produziu 25 tripletas (2088 predicados rejeitados pelo guard: {'invalid_predicate': 1998, 'stopword_predicate': 53, 'nonverbal_predicate': 21, 'url_or_code_predicate': 7, 'narrative_suppressed_table_only_source': 9}).
mine-and-evolve	Executar Motor de Minera├º├úo e Ingest├úo	2026-09-27T20:12:44.1141420Z INFO:src.miner.quarantine:Fato em quarentena (Hip├│tese Isolada (quarentena), score=0.90): https://en.wikipedia.org/wiki/Artificial_intelligence
mine-and-evolve	Executar Motor de Minera├º├úo e Ingest├úo	2026-09-27T20:12:45.1682908Z INFO:src.cognition.extractor:Extrator produziu 25 tripletas (2334 predicados rejeitados pelo guard: {'invalid_predicate': 2227, 'stopword_predicate': 59, 'nonverbal_predicate': 31, 'url_or_code_predicate': 8, 'narrative_suppressed_table_only_source': 9}).
mine-and-evolve	Executar Motor de Minera├º├úo e Ingest├úo	2026-09-27T20:12:45.1730864Z INFO:src.miner.quarantine:Fato em quarentena (Hip├│tese Isolada (quarentena), score=0.90): https://en.wikipedia.org/wiki/Machine_learning
mine-and-evolve	Executar Motor de Minera├º├úo e Ingest├úo	2026-09-27T20:12:45.2275890Z INFO:src.cognition.extractor:Extrator produziu 0 tripletas (2343 predicados rejeitados pelo guard: {'invalid_predicate': 2233, 'stopword_predicate': 59, 'nonverbal_predicate': 34, 'url_or_code_predicate': 8, 'narrative_suppressed_table_only_source': 9}).
mine-and-evolve	Executar Motor de Minera├º├úo e Ingest├úo	2026-09-27T20:12:45.2281113Z INFO:src.miner.quarantine:Fato em quarentena (Hip├│tese Isolada (quarentena), score=0.90): https://pytorch.org/tutorials/beginner/basics/intro.html
mine-and-evolve	Executar Motor de Minera├º├úo e Ingest├úo	2026-09-27T20:12:45.5332838Z INFO:src.cognition.extractor:Extrator produziu 6 tripletas (2408 predicados rejeitados pelo guard: {'invalid_predicate': 2295, 'stopword_predicate': 61, 'nonverbal_predicate': 35, 'url_or_code_predicate': 8, 'narrative_suppressed_table_only_source': 9}).
mine-and-evolve	Executar Motor de Minera├º├úo e Ingest├úo	2026-09-27T20:12:45.5349805Z INFO:src.miner.quarantine:Fato em quarentena (Hip├│tese Isolada (quarentena), score=0.90): https://www.tensorflow.org/tutorials/quickstart/beginner
mine-and-evolve	Executar Motor de Minera├º├úo e Ingest├úo	2026-09-27T20:12:45.7841177Z INFO:src.cognition.extractor:Extrator produziu 22 tripletas (2453 predicados rejeitados pelo guard: {'invalid_predicate': 2335, 'stopword_predicate': 63, 'nonverbal_predicate': 36, 'url_or_code_predicate': 10, 'narrative_suppressed_table_only_source': 9}).
mine-and-evolve	Executar Motor de Minera├º├úo e Ingest├úo	2026-09-27T20:12:45.7852190Z INFO:src.miner.quarantine:Fato em quarentena (Hip├│tese Isolada (quarentena), score=0.90): https://scikit-learn.org/stable/modules/neural_networks_supervised.html
mine-and-evolve	Executar Motor de Minera├º├úo e Ingest├úo	2026-09-27T20:12:45.8676820Z INFO:src.cognition.extractor:Extrator produziu 2 tripletas (2466 predicados rejeitados pelo guard: {'invalid_predicate': 2346, 'stopword_predicate': 65, 'nonverbal_predicate': 36, 'url_or_code_predicate': 10, 'narrative_suppressed_table_only_source': 9}).
mine-and-evolve	Executar Motor de Minera├º├úo e Ingest├úo	2026-09-27T20:12:45.8681752Z INFO:src.miner.quarantine:Fato em quarentena (Hip├│tese Isolada (quarentena), score=0.80): https://huggingface.co/docs/transformers/index
mine-and-evolve	Executar Motor de Minera├º├úo e Ingest├úo	2026-09-27T20:12:46.6208996Z INFO:src.cognition.extractor:Extrator produziu 22 tripletas (2666 predicados rejeitados pelo guard: {'invalid_predicate': 2474, 'stopword_predicate': 72, 'nonverbal_predicate': 101, 'url_or_code_predicate': 10, 'narrative_suppressed_table_only_source': 9}).
mine-and-evolve	Executar Motor de Minera├º├úo e Ingest├úo	2026-09-27T20:12:46.6247528Z INFO:src.miner.quarantine:Fato em quarentena (Hip├│tese Isolada (quarentena), score=0.80): https://ollama.com/library
mine-and-evolve	Executar Motor de Minera├º├úo e Ingest├úo	2026-09-27T20:12:46.6709002Z INFO:src.cognition.extractor:Extrator produziu 0 tripletas (2669 predicados rejeitados pelo guard: {'invalid_predicate': 2476, 'stopword_predicate': 72, 'nonverbal_predicate': 102, 'url_or_code_predicate': 10, 'narrative_suppressed_table_only_source': 9}).
mine-and-evolve	Executar Motor de Minera├º├úo e Ingest├úo	2026-09-27T20:12:46.6713926Z INFO:src.miner.quarantine:Fato em quarentena (Hip├│tese Isolada (quarentena), score=0.80): https://research.google/blog/
mine-and-evolve	Executar Motor de Minera├º├úo e Ingest├úo	2026-09-27T20:12:46.8352123Z INFO:src.cognition.extractor:Extrator produziu 1 tripletas (2680 predicados rejeitados pelo guard: {'invalid_predicate': 2487, 'stopword_predicate': 72, 'nonverbal_predicate': 102, 'url_or_code_predicate': 10, 'narrative_suppressed_table_only_source': 9}).
mine-and-evolve	Executar Motor de Minera├º├úo e Ingest├úo	2026-09-27T20:12:46.8358982Z INFO:src.miner.quarantine:Fato em quarentena (Hip├│tese Isolada (quarentena), score=0.90): https://arxiv.org/abs/2303.08774
mine-and-evolve	Executar Motor de Minera├º├úo e Ingest├úo	2026-09-27T20:12:47.8293930Z INFO:src.cognition.extractor:Extrator produziu 12 tripletas (2915 predicados rejeitados pelo guard: {'invalid_predicate': 2702, 'stopword_predicate': 80, 'nonverbal_predicate': 114, 'url_or_code_predicate': 10, 'narrative_suppressed_table_only_source': 9}).
mine-and-evolve	Executar Motor de Minera├º├úo e Ingest├úo	2026-09-27T20:12:47.8340854Z INFO:src.miner.quarantine:Fato em quarentena (Hip├│tese Isolada (quarentena), score=0.80): https://paperswithcode.com/area/natural-language-processing
mine-and-evolve	Executar Motor de Minera├º├úo e Ingest├úo	2026-09-27T20:12:51.2459060Z INFO:src.cognition.extractor:Extrator produziu 25 tripletas (3533 predicados rejeitados pelo guard: {'invalid_predicate': 3288, 'stopword_predicate': 94, 'nonverbal_predicate': 131, 'url_or_code_predicate': 11, 'narrative_suppressed_table_only_source': 9}).
mine-and-evolve	Executar Motor de Minera├º├úo e Ingest├úo	2026-09-27T20:12:51.2586251Z INFO:src.miner.quarantine:Fato em quarentena (Hip├│tese Isolada (quarentena), score=0.90): https://plato.stanford.edu/entries/artificial-intelligence/
mine-and-evolve	Executar Motor de Minera├º├úo e Ingest├úo	2026-09-27T20:12:51.3267671Z INFO:src.cognition.extractor:Extrator produziu 4 tripletas (3543 predicados rejeitados pelo guard: {'invalid_predicate': 3298, 'stopword_predicate': 94, 'nonverbal_predicate': 131, 'url_or_code_predicate': 11, 'narrative_suppressed_table_only_source': 9}).
mine-and-evolve	Executar Motor de Minera├º├úo e Ingest├úo	2026-09-27T20:12:51.3271790Z INFO:src.miner.quarantine:Fato em quarentena (Hip├│tese Isolada (quarentena), score=0.90): https://www.nist.gov/artificial-intelligence
mine-and-evolve	Executar Motor de Minera├º├úo e Ingest├úo	2026-09-27T20:12:51.4727504Z INFO:src.cognition.extractor:Extrator produziu 8 tripletas (3562 predicados rejeitados pelo guard: {'invalid_predicate': 3312, 'stopword_predicate': 97, 'nonverbal_predicate': 133, 'url_or_code_predicate': 11, 'narrative_suppressed_table_only_source': 9}).
mine-and-evolve	Executar Motor de Minera├º├úo e Ingest├úo	2026-09-27T20:12:51.4735660Z INFO:src.miner.quarantine:Fato em quarentena (Hip├│tese Isolada (quarentena), score=0.90): https://www.geeksforgeeks.org/what-is-artificial-intelligence/
mine-and-evolve	Executar Motor de Minera├º├úo e Ingest├úo	2026-09-27T20:12:51.9677486Z INFO:src.cognition.extractor:Extrator produziu 25 tripletas (3691 predicados rejeitados pelo guard: {'invalid_predicate': 3428, 'stopword_predicate': 98, 'nonverbal_predicate': 145, 'url_or_code_predicate': 11, 'narrative_suppressed_table_only_source': 9}).
mine-and-evolve	Executar Motor de Minera├º├úo e Ingest├úo	2026-09-27T20:12:51.9702134Z INFO:src.miner.quarantine:Fato em quarentena (Hip├│tese Isolada (quarentena), score=0.80): https://www.ibm.com/think/topics/artificial-intelligence
mine-and-evolve	Executar Motor de Minera├º├úo e Ingest├úo	2026-09-27T20:12:52.0628173Z INFO:src.cognition.extractor:Extrator produziu 0 tripletas (3715 predicados rejeitados pelo guard: {'invalid_predicate': 3444, 'stopword_predicate': 98, 'nonverbal_predicate': 153, 'url_or_code_predicate': 11, 'narrative_suppressed_table_only_source': 9}).
mine-and-evolve	Executar Motor de Minera├º├úo e Ingest├úo	2026-09-27T20:12:52.0635276Z INFO:src.miner.quarantine:Fato em quarentena (Hip├│tese Isolada (quarentena), score=0.90): https://news.mit.edu/topic/artificial-intelligence2
mine-and-evolve	Executar Motor de Minera├º├úo e Ingest├úo	2026-09-27T20:12:52.2416779Z INFO:src.cognition.extractor:Extrator produziu 1 tripletas (3734 predicados rejeitados pelo guard: {'invalid_predicate': 3462, 'stopword_predicate': 98, 'nonverbal_predicate': 154, 'url_or_code_predicate': 11, 'narrative_suppressed_table_only_source': 9}).
mine-and-evolve	Executar Motor de Minera├º├úo e Ingest├úo	2026-09-27T20:12:52.2427438Z INFO:src.miner.quarantine:Fato em quarentena (Hip├│tese Isolada (quarentena), score=0.90): https://spectrum.ieee.org/artificial-intelligence
mine-and-evolve	Executar Motor de Minera├º├úo e Ingest├úo	2026-09-27T20:12:52.2433082Z INFO:src.miner.quarantine:Fato em quarentena (domain_score abaixo do limiar, score=0.60): https://duckduckgo.com/html/?q=Intelig%C3%AAncia%20Artificial
mine-and-evolve	Executar Motor de Minera├º├úo e Ingest├úo	2026-09-27T20:12:52.2440866Z INFO:src.miner.quarantine:Fato em quarentena (domain_score abaixo do limiar, score=0.60): https://duckduckgo.com/html/?q=conceito%20fundamental%20de%20Intelig%C3%AAncia%20Artificial
mine-and-evolve	Executar Motor de Minera├º├úo e Ingest├úo	2026-09-27T20:12:52.2447006Z INFO:src.miner.quarantine:Fato em quarentena (domain_score abaixo do limiar, score=0.60): https://duckduckgo.com/html/?q=%C3%BAltimas%20descobertas%20em%20Intelig%C3%AAncia%20Artificial
mine-and-evolve	Executar Motor de Minera├º├úo e Ingest├úo	2026-09-27T20:12:52.5120567Z INFO:httpx:HTTP Request: GET ***/health "HTTP/1.1 200 OK"
mine-and-evolve	Executar Motor de Minera├º├úo e Ingest├úo	2026-09-27T20:12:52.7470018Z INFO:httpx:HTTP Request: POST ***/api/extract "HTTP/1.1 200 OK"
mine-and-evolve	Executar Motor de Minera├º├úo e Ingest├úo	2026-09-27T20:12:52.8844722Z INFO:httpx:HTTP Request: POST ***/api/extract "HTTP/1.1 200 OK"
mine-and-evolve	Executar Motor de Minera├º├úo e Ingest├úo	2026-09-27T20:12:53.0165327Z INFO:httpx:HTTP Request: POST ***/api/extract "HTTP/1.1 200 OK"
mine-and-evolve	Executar Motor de Minera├º├úo e Ingest├úo	2026-09-27T20:12:53.1601628Z INFO:httpx:HTTP Request: POST ***/api/extract "HTTP/1.1 200 OK"
mine-and-evolve	Executar Motor de Minera├º├úo e Ingest├úo	2026-09-27T20:12:53.2890291Z INFO:httpx:HTTP Request: POST ***/api/extract "HTTP/1.1 200 OK"
mine-and-evolve	Executar Motor de Minera├º├úo e Ingest├úo	2026-09-27T20:12:53.4143436Z INFO:httpx:HTTP Request: POST ***/api/extract "HTTP/1.1 200 OK"
mine-and-evolve	Executar Motor de Minera├º├úo e Ingest├úo	2026-09-27T20:12:53.5897634Z INFO:httpx:HTTP Request: POST ***/api/extract "HTTP/1.1 200 OK"
mine-and-evolve	Executar Motor de Minera├º├úo e Ingest├úo	2026-09-27T20:12:53.7251998Z INFO:httpx:HTTP Request: POST ***/api/extract "HTTP/1.1 200 OK"
mine-and-evolve	Executar Motor de Minera├º├úo e Ingest├úo	2026-09-27T20:12:53.8546625Z INFO:httpx:HTTP Request: POST ***/api/extract "HTTP/1.1 200 OK"
mine-and-evolve	Executar Motor de Minera├º├úo e Ingest├úo	2026-09-27T20:12:54.0301664Z INFO:httpx:HTTP Request: POST ***/api/extract "HTTP/1.1 200 OK"
mine-and-evolve	Executar Motor de Minera├º├úo e Ingest├úo	2026-09-27T20:12:54.1652272Z INFO:httpx:HTTP Request: POST ***/api/extract "HTTP/1.1 200 OK"
mine-and-evolve	Executar Motor de Minera├º├úo e Ingest├úo	2026-09-27T20:12:54.2929058Z INFO:httpx:HTTP Request: POST ***/api/extract "HTTP/1.1 200 OK"
mine-and-evolve	Executar Motor de Minera├º├úo e Ingest├úo	2026-09-27T20:12:54.4580705Z INFO:httpx:HTTP Request: POST ***/api/extract "HTTP/1.1 200 OK"
mine-and-evolve	Executar Motor de Minera├º├úo e Ingest├úo	2026-09-27T20:12:54.5953154Z INFO:httpx:HTTP Request: POST ***/api/extract "HTTP/1.1 200 OK"
mine-and-evolve	Executar Motor de Minera├º├úo e Ingest├úo	2026-09-27T20:12:54.7340864Z INFO:httpx:HTTP Request: POST ***/api/extract "HTTP/1.1 200 OK"
mine-and-evolve	Executar Motor de Minera├º├úo e Ingest├úo	2026-09-27T20:12:54.8780847Z INFO:httpx:HTTP Request: POST ***/api/extract "HTTP/1.1 200 OK"
mine-and-evolve	Executar Motor de Minera├º├úo e Ingest├úo	2026-09-27T20:12:55.0022983Z INFO:httpx:HTTP Request: POST ***/api/extract "HTTP/1.1 200 OK"
mine-and-evolve	Executar Motor de Minera├º├úo e Ingest├úo	2026-09-27T20:12:55.1352881Z INFO:httpx:HTTP Request: POST ***/api/extract "HTTP/1.1 200 OK"
mine-and-evolve	Executar Motor de Minera├º├úo e Ingest├úo	2026-09-27T20:12:55.2986368Z INFO:httpx:HTTP Request: POST ***/api/extract "HTTP/1.1 200 OK"
mine-and-evolve	Executar Motor de Minera├º├úo e Ingest├úo	2026-09-27T20:12:55.4315376Z INFO:httpx:HTTP Request: POST ***/api/extract "HTTP/1.1 200 OK"
mine-and-evolve	Executar Motor de Minera├º├úo e Ingest├úo	2026-09-27T20:12:55.5666887Z INFO:httpx:HTTP Request: POST ***/api/extract "HTTP/1.1 200 OK"
mine-and-evolve	Executar Motor de Minera├º├úo e Ingest├úo	2026-09-27T20:12:55.7011614Z INFO:httpx:HTTP Request: POST ***/api/extract "HTTP/1.1 200 OK"
mine-and-evolve	Executar Motor de Minera├º├úo e Ingest├úo	2026-09-27T20:12:55.8281837Z INFO:httpx:HTTP Request: POST ***/api/extract "HTTP/1.1 200 OK"
mine-and-evolve	Executar Motor de Minera├º├úo e Ingest├úo	2026-09-27T20:12:55.9611508Z INFO:httpx:HTTP Request: POST ***/api/extract "HTTP/1.1 200 OK"
mine-and-evolve	Executar Motor de Minera├º├úo e Ingest├úo	2026-09-27T20:12:56.1096396Z INFO:httpx:HTTP Request: POST ***/api/extract "HTTP/1.1 200 OK"
mine-and-evolve	Executar Motor de Minera├º├úo e Ingest├úo	2026-09-27T20:12:56.2794207Z INFO:httpx:HTTP Request: POST ***/api/extract "HTTP/1.1 200 OK"
mine-and-evolve	Executar Motor de Minera├º├úo e Ingest├úo	2026-09-27T20:12:56.4138185Z INFO:httpx:HTTP Request: POST ***/api/extract "HTTP/1.1 200 OK"
mine-and-evolve	Executar Motor de Minera├º├úo e Ingest├úo	2026-09-27T20:12:56.5441864Z INFO:httpx:HTTP Request: POST ***/api/extract "HTTP/1.1 200 OK"
mine-and-evolve	Executar Motor de Minera├º├úo e Ingest├úo	2026-09-27T20:12:56.7205607Z INFO:httpx:HTTP Request: POST ***/api/extract "HTTP/1.1 200 OK"
mine-and-evolve	Executar Motor de Minera├º├úo e Ingest├úo	2026-09-27T20:12:56.8534718Z INFO:httpx:HTTP Request: POST ***/api/extract "HTTP/1.1 200 OK"
mine-and-evolve	Executar Motor de Minera├º├úo e Ingest├úo	2026-09-27T20:12:56.9832035Z INFO:httpx:HTTP Request: POST ***/api/extract "HTTP/1.1 200 OK"
mine-and-evolve	Executar Motor de Minera├º├úo e Ingest├úo	2026-09-27T20:12:57.1184428Z INFO:httpx:HTTP Request: POST ***/api/extract "HTTP/1.1 200 OK"
mine-and-evolve	Executar Motor de Minera├º├úo e Ingest├úo	2026-09-27T20:12:57.2857254Z INFO:httpx:HTTP Request: POST ***/api/extract "HTTP/1.1 200 OK"
mine-and-evolve	Executar Motor de Minera├º├úo e Ingest├úo	2026-09-27T20:12:57.2863475Z INFO:nexus.worker:Extra├º├úo can├┤nica LLM aplicada em 0/33 fonte(s).
mine-and-evolve	Executar Motor de Minera├º├úo e Ingest├úo	2026-09-27T20:12:57.7514705Z INFO:src.cognition.extractor:spaCy carregado: pt_core_news_sm
mine-and-evolve	Executar Motor de Minera├º├úo e Ingest├úo	2026-09-27T20:12:58.9533064Z INFO:nexus.worker:telemetria {"url": "https://pt.wikipedia.org/wiki/Santos_FC", "quality": "weak", "canonical_triples": 8, "raw_triples": 25, "football_related_hits": 6, "football_verb_hits": 11, "notes": "rejeicoes dominadas por ruido de navegacao"}
mine-and-evolve	Executar Motor de Minera├º├úo e Ingest├úo	2026-09-27T20:12:59.4463167Z INFO:httpx:HTTP Request: POST ***/api/ingest "HTTP/1.1 200 OK"
mine-and-evolve	Executar Motor de Minera├º├úo e Ingest├úo	2026-09-27T20:12:59.4471612Z INFO:nexus.worker:Resposta [https://pt.wikipedia.org/wiki/Santos_FC]: 200 ÔÇö {"status":"success","message":"Dados processados e inseridos no Neo4j AuraDB real.","db_status":"cluster-active","entities_processed":9,"vectors_indexed":1,"verified_facts":2,"masked_extraction_failure":false,"allow_demo_fallback":false}
mine-and-evolve	Executar Motor de Minera├º├úo e Ingest├úo	2026-09-27T20:13:00.7443727Z INFO:nexus.worker:telemetria {"url": "https://en.wikipedia.org/wiki/Santos_FC", "quality": "productive", "canonical_triples": 8, "raw_triples": 13, "football_related_hits": 6, "football_verb_hits": 4, "notes": ""}
mine-and-evolve	Executar Motor de Minera├º├úo e Ingest├úo	2026-09-27T20:13:01.1368866Z INFO:httpx:HTTP Request: POST ***/api/ingest "HTTP/1.1 200 OK"
mine-and-evolve	Executar Motor de Minera├º├úo e Ingest├úo	2026-09-27T20:13:01.1375133Z INFO:nexus.worker:Resposta [https://en.wikipedia.org/wiki/Santos_FC]: 200 ÔÇö {"status":"success","message":"Dados processados e inseridos no Neo4j AuraDB real.","db_status":"cluster-active","entities_processed":9,"vectors_indexed":1,"verified_facts":3,"masked_extraction_failure":false,"allow_demo_fallback":false}
mine-and-evolve	Executar Motor de Minera├º├úo e Ingest├úo	2026-09-27T20:13:01.1910916Z INFO:nexus.worker:telemetria {"url": "https://www.santosfc.com.br/institucional/historia", "quality": "weak", "canonical_triples": 2, "raw_triples": 4, "football_related_hits": 1, "football_verb_hits": 2, "notes": "rejeicoes dominadas por ruido de navegacao"}
mine-and-evolve	Executar Motor de Minera├º├úo e Ingest├úo	2026-09-27T20:13:01.4635345Z INFO:httpx:HTTP Request: POST ***/api/ingest "HTTP/1.1 200 OK"
mine-and-evolve	Executar Motor de Minera├º├úo e Ingest├úo	2026-09-27T20:13:01.4643743Z INFO:nexus.worker:Resposta [https://www.santosfc.com.br/institucional/historia]: 200 ÔÇö {"status":"success","message":"Dados processados e inseridos no Neo4j AuraDB real.","db_status":"cluster-active","entities_processed":2,"vectors_indexed":1,"verified_facts":3,"masked_extraction_failure":false,"allow_demo_fallback":false}
mine-and-evolve	Executar Motor de Minera├º├úo e Ingest├úo	2026-09-27T20:13:01.8205654Z INFO:nexus.worker:telemetria {"url": "https://pt.wikipedia.org/wiki/Est%C3%A1dio_Urbano_Caldeira", "quality": "weak", "canonical_triples": 7, "raw_triples": 14, "football_related_hits": 7, "football_verb_hits": 5, "notes": "rejeicoes dominadas por ruido de navegacao"}
mine-and-evolve	Executar Motor de Minera├º├úo e Ingest├úo	2026-09-27T20:13:02.1568864Z INFO:httpx:HTTP Request: POST ***/api/ingest "HTTP/1.1 200 OK"
mine-and-evolve	Executar Motor de Minera├º├úo e Ingest├úo	2026-09-27T20:13:02.1576554Z INFO:nexus.worker:Resposta [https://pt.wikipedia.org/wiki/Est%C3%A1dio_Urbano_Caldeira]: 200 ÔÇö {"status":"success","message":"Dados processados e inseridos no Neo4j AuraDB real.","db_status":"cluster-active","entities_processed":7,"vectors_indexed":1,"verified_facts":3,"masked_extraction_failure":false,"allow_demo_fallback":false}
mine-and-evolve	Executar Motor de Minera├º├úo e Ingest├úo	2026-09-27T20:13:02.4386509Z INFO:nexus.worker:telemetria {"url": "https://en.wikipedia.org/wiki/Est%C3%A1dio_Urbano_Caldeira", "quality": "productive", "canonical_triples": 8, "raw_triples": 24, "football_related_hits": 1, "football_verb_hits": 3, "notes": ""}
mine-and-evolve	Executar Motor de Minera├º├úo e Ingest├úo	2026-09-27T20:13:02.7701020Z INFO:httpx:HTTP Request: POST ***/api/ingest "HTTP/1.1 200 OK"
mine-and-evolve	Executar Motor de Minera├º├úo e Ingest├úo	2026-09-27T20:13:02.7709259Z INFO:nexus.worker:Resposta [https://en.wikipedia.org/wiki/Est%C3%A1dio_Urbano_Caldeira]: 200 ÔÇö {"status":"success","message":"Dados processados e inseridos no Neo4j AuraDB real.","db_status":"cluster-active","entities_processed":8,"vectors_indexed":1,"verified_facts":3,"masked_extraction_failure":false,"allow_demo_fallback":false}
mine-and-evolve	Executar Motor de Minera├º├úo e Ingest├úo	2026-09-27T20:13:05.1855080Z INFO:nexus.worker:telemetria {"url": "https://pt.wikipedia.org/wiki/Pel%C3%A9", "quality": "productive", "canonical_triples": 11, "raw_triples": 25, "football_related_hits": 10, "football_verb_hits": 17, "notes": ""}
mine-and-evolve	Executar Motor de Minera├º├úo e Ingest├úo	2026-09-27T20:13:05.7070791Z INFO:httpx:HTTP Request: POST ***/api/ingest "HTTP/1.1 200 OK"
mine-and-evolve	Executar Motor de Minera├º├úo e Ingest├úo	2026-09-27T20:13:05.7078782Z INFO:nexus.worker:Resposta [https://pt.wikipedia.org/wiki/Pel%C3%A9]: 200 ÔÇö {"status":"success","message":"Dados processados e inseridos no Neo4j AuraDB real.","db_status":"cluster-active","entities_processed":11,"vectors_indexed":1,"verified_facts":3,"masked_extraction_failure":false,"allow_demo_fallback":false}
mine-and-evolve	Executar Motor de Minera├º├úo e Ingest├úo	2026-09-27T20:13:06.7488537Z INFO:nexus.worker:telemetria {"url": "https://en.wikipedia.org/wiki/Pel%C3%A9", "quality": "productive", "canonical_triples": 7, "raw_triples": 25, "football_related_hits": 1, "football_verb_hits": 4, "notes": ""}
mine-and-evolve	Executar Motor de Minera├º├úo e Ingest├úo	2026-09-27T20:13:07.1338465Z INFO:httpx:HTTP Request: POST ***/api/ingest "HTTP/1.1 200 OK"
mine-and-evolve	Executar Motor de Minera├º├úo e Ingest├úo	2026-09-27T20:13:07.1345937Z INFO:nexus.worker:Resposta [https://en.wikipedia.org/wiki/Pel%C3%A9]: 200 ÔÇö {"status":"success","message":"Dados processados e inseridos no Neo4j AuraDB real.","db_status":"cluster-active","entities_processed":7,"vectors_indexed":1,"verified_facts":3,"masked_extraction_failure":false,"allow_demo_fallback":false}
mine-and-evolve	Executar Motor de Minera├º├úo e Ingest├úo	2026-09-27T20:13:08.0331432Z INFO:nexus.worker:telemetria {"url": "https://pt.wikipedia.org/wiki/Garrincha", "quality": "productive", "canonical_triples": 11, "raw_triples": 25, "football_related_hits": 8, "football_verb_hits": 9, "notes": ""}
mine-and-evolve	Executar Motor de Minera├º├úo e Ingest├úo	2026-09-27T20:13:08.4203145Z INFO:httpx:HTTP Request: POST ***/api/ingest "HTTP/1.1 200 OK"
mine-and-evolve	Executar Motor de Minera├º├úo e Ingest├úo	2026-09-27T20:13:08.4213652Z INFO:nexus.worker:Resposta [https://pt.wikipedia.org/wiki/Garrincha]: 200 ÔÇö {"status":"success","message":"Dados processados e inseridos no Neo4j AuraDB real.","db_status":"cluster-active","entities_processed":11,"vectors_indexed":1,"verified_facts":3,"masked_extraction_failure":false,"allow_demo_fallback":false}
mine-and-evolve	Executar Motor de Minera├º├úo e Ingest├úo	2026-09-27T20:13:08.9552283Z INFO:nexus.worker:telemetria {"url": "https://en.wikipedia.org/wiki/Garrincha", "quality": "productive", "canonical_triples": 7, "raw_triples": 21, "football_related_hits": 4, "football_verb_hits": 5, "notes": ""}
mine-and-evolve	Executar Motor de Minera├º├úo e Ingest├úo	2026-09-27T20:13:09.2924141Z INFO:httpx:HTTP Request: POST ***/api/ingest "HTTP/1.1 200 OK"
mine-and-evolve	Executar Motor de Minera├º├úo e Ingest├úo	2026-09-27T20:13:09.2930262Z INFO:nexus.worker:Resposta [https://en.wikipedia.org/wiki/Garrincha]: 200 ÔÇö {"status":"success","message":"Dados processados e inseridos no Neo4j AuraDB real.","db_status":"cluster-active","entities_processed":7,"vectors_indexed":1,"verified_facts":3,"masked_extraction_failure":false,"allow_demo_fallback":false}
mine-and-evolve	Executar Motor de Minera├º├úo e Ingest├úo	2026-09-27T20:13:10.2626188Z INFO:nexus.worker:telemetria {"url": "https://pt.wikipedia.org/wiki/Botafogo_de_Futebol_e_Regatas", "quality": "productive", "canonical_triples": 8, "raw_triples": 25, "football_related_hits": 6, "football_verb_hits": 8, "notes": ""}
mine-and-evolve	Executar Motor de Minera├º├úo e Ingest├úo	2026-09-27T20:13:10.6750972Z INFO:httpx:HTTP Request: POST ***/api/ingest "HTTP/1.1 200 OK"
mine-and-evolve	Executar Motor de Minera├º├úo e Ingest├úo	2026-09-27T20:13:10.6761636Z INFO:nexus.worker:Resposta [https://pt.wikipedia.org/wiki/Botafogo_de_Futebol_e_Regatas]: 200 ÔÇö {"status":"success","message":"Dados processados e inseridos no Neo4j AuraDB real.","db_status":"cluster-active","entities_processed":10,"vectors_indexed":1,"verified_facts":3,"masked_extraction_failure":false,"allow_demo_fallback":false}
mine-and-evolve	Executar Motor de Minera├º├úo e Ingest├úo	2026-09-27T20:13:11.1096275Z INFO:nexus.worker:telemetria {"url": "https://en.wikipedia.org/wiki/Botafogo_de_Futebol_e_Regatas", "quality": "productive", "canonical_triples": 12, "raw_triples": 18, "football_related_hits": 6, "football_verb_hits": 4, "notes": ""}
mine-and-evolve	Executar Motor de Minera├º├úo e Ingest├úo	2026-09-27T20:13:11.4322479Z INFO:httpx:HTTP Request: POST ***/api/ingest "HTTP/1.1 200 OK"
mine-and-evolve	Executar Motor de Minera├º├úo e Ingest├úo	2026-09-27T20:13:11.4331211Z INFO:nexus.worker:Resposta [https://en.wikipedia.org/wiki/Botafogo_de_Futebol_e_Regatas]: 200 ÔÇö {"status":"success","message":"Dados processados e inseridos no Neo4j AuraDB real.","db_status":"cluster-active","entities_processed":14,"vectors_indexed":1,"verified_facts":3,"masked_extraction_failure":false,"allow_demo_fallback":false}
mine-and-evolve	Executar Motor de Minera├º├úo e Ingest├úo	2026-09-27T20:13:11.6163821Z INFO:nexus.worker:telemetria {"url": "https://www.rsssf.org/sacups/copalib.html", "quality": "weak", "canonical_triples": 1, "raw_triples": 2, "football_related_hits": 0, "football_verb_hits": 2, "notes": "rejeicoes dominadas por ruido de navegacao"}
mine-and-evolve	Executar Motor de Minera├º├úo e Ingest├úo	2026-09-27T20:13:11.8862252Z INFO:httpx:HTTP Request: POST ***/api/ingest "HTTP/1.1 200 OK"
mine-and-evolve	Executar Motor de Minera├º├úo e Ingest├úo	2026-09-27T20:13:11.8872771Z INFO:nexus.worker:Resposta [https://www.rsssf.org/sacups/copalib.html]: 200 ÔÇö {"status":"success","message":"Dados processados e inseridos no Neo4j AuraDB real.","db_status":"cluster-active","entities_processed":2,"vectors_indexed":1,"verified_facts":3,"masked_extraction_failure":false,"allow_demo_fallback":false}
mine-and-evolve	Executar Motor de Minera├º├úo e Ingest├úo	2026-09-27T20:13:12.1334576Z INFO:nexus.worker:telemetria {"url": "https://www.rsssf.org/tablesb/brazchamp.html", "quality": "unproductive", "canonical_triples": 0, "raw_triples": 7, "football_related_hits": 0, "football_verb_hits": 1, "notes": "todas as triplas cruas rejeitadas no refino"}
mine-and-evolve	Executar Motor de Minera├º├úo e Ingest├úo	2026-09-27T20:13:12.5668011Z INFO:httpx:HTTP Request: POST ***/api/ingest "HTTP/1.1 200 OK"
mine-and-evolve	Executar Motor de Minera├º├úo e Ingest├úo	2026-09-27T20:13:12.5674444Z INFO:nexus.worker:Resposta [https://www.rsssf.org/tablesb/brazchamp.html]: 200 ÔÇö {"status":"success","message":"Dados processados e inseridos no Neo4j AuraDB real.","db_status":"cluster-active","entities_processed":1,"vectors_indexed":1,"verified_facts":3,"masked_extraction_failure":false,"allow_demo_fallback":false}
mine-and-evolve	Executar Motor de Minera├º├úo e Ingest├úo	2026-09-27T20:13:13.2359627Z INFO:nexus.worker:telemetria {"url": "https://pt.wikipedia.org/wiki/Intelig%C3%AAncia_artificial", "quality": "weak", "canonical_triples": 6, "raw_triples": 15, "football_related_hits": 0, "football_verb_hits": 6, "notes": ""}
mine-and-evolve	Executar Motor de Minera├º├úo e Ingest├úo	2026-09-27T20:13:13.6275467Z INFO:httpx:HTTP Request: POST ***/api/ingest "HTTP/1.1 200 OK"
mine-and-evolve	Executar Motor de Minera├º├úo e Ingest├úo	2026-09-27T20:13:13.6284628Z INFO:nexus.worker:Resposta [https://pt.wikipedia.org/wiki/Intelig%C3%AAncia_artificial]: 200 ÔÇö {"status":"success","message":"Dados processados e inseridos no Neo4j AuraDB real.","db_status":"cluster-active","entities_processed":6,"vectors_indexed":1,"verified_facts":3,"masked_extraction_failure":false,"allow_demo_fallback":false}
mine-and-evolve	Executar Motor de Minera├º├úo e Ingest├úo	2026-09-27T20:13:14.1785401Z INFO:nexus.worker:telemetria {"url": "https://pt.wikipedia.org/wiki/Aprendizado_de_m%C3%A1quina", "quality": "weak", "canonical_triples": 10, "raw_triples": 25, "football_related_hits": 0, "football_verb_hits": 2, "notes": ""}
mine-and-evolve	Executar Motor de Minera├º├úo e Ingest├úo	2026-09-27T20:13:14.5137751Z INFO:httpx:HTTP Request: POST ***/api/ingest "HTTP/1.1 200 OK"
mine-and-evolve	Executar Motor de Minera├º├úo e Ingest├úo	2026-09-27T20:13:14.5146932Z INFO:nexus.worker:Resposta [https://pt.wikipedia.org/wiki/Aprendizado_de_m%C3%A1quina]: 200 ÔÇö {"status":"success","message":"Dados processados e inseridos no Neo4j AuraDB real.","db_status":"cluster-active","entities_processed":10,"vectors_indexed":1,"verified_facts":3,"masked_extraction_failure":false,"allow_demo_fallback":false}
mine-and-evolve	Executar Motor de Minera├º├úo e Ingest├úo	2026-09-27T20:13:15.4047584Z INFO:nexus.worker:telemetria {"url": "https://pt.wikipedia.org/wiki/Rede_neural_artificial", "quality": "weak", "canonical_triples": 5, "raw_triples": 25, "football_related_hits": 0, "football_verb_hits": 1, "notes": ""}
mine-and-evolve	Executar Motor de Minera├º├úo e Ingest├úo	2026-09-27T20:13:15.7885998Z INFO:httpx:HTTP Request: POST ***/api/ingest "HTTP/1.1 200 OK"
mine-and-evolve	Executar Motor de Minera├º├úo e Ingest├úo	2026-09-27T20:13:15.7896499Z INFO:nexus.worker:Resposta [https://pt.wikipedia.org/wiki/Rede_neural_artificial]: 200 ÔÇö {"status":"success","message":"Dados processados e inseridos no Neo4j AuraDB real.","db_status":"cluster-active","entities_processed":5,"vectors_indexed":1,"verified_facts":3,"masked_extraction_failure":false,"allow_demo_fallback":false}
mine-and-evolve	Executar Motor de Minera├º├úo e Ingest├úo	2026-09-27T20:13:16.9035585Z INFO:nexus.worker:telemetria {"url": "https://pt.wikipedia.org/wiki/Aprendizado_profundo", "quality": "weak", "canonical_triples": 6, "raw_triples": 25, "football_related_hits": 0, "football_verb_hits": 3, "notes": ""}
mine-and-evolve	Executar Motor de Minera├º├úo e Ingest├úo	2026-09-27T20:13:17.2956986Z INFO:httpx:HTTP Request: POST ***/api/ingest "HTTP/1.1 200 OK"
mine-and-evolve	Executar Motor de Minera├º├úo e Ingest├úo	2026-09-27T20:13:17.2965372Z INFO:nexus.worker:Resposta [https://pt.wikipedia.org/wiki/Aprendizado_profundo]: 200 ÔÇö {"status":"success","message":"Dados processados e inseridos no Neo4j AuraDB real.","db_status":"cluster-active","entities_processed":6,"vectors_indexed":1,"verified_facts":3,"masked_extraction_failure":false,"allow_demo_fallback":false}
mine-and-evolve	Executar Motor de Minera├º├úo e Ingest├úo	2026-09-27T20:13:17.8326391Z INFO:nexus.worker:telemetria {"url": "https://pt.wikipedia.org/wiki/Processamento_de_linguagem_natural", "quality": "weak", "canonical_triples": 8, "raw_triples": 20, "football_related_hits": 0, "football_verb_hits": 0, "notes": ""}
mine-and-evolve	Executar Motor de Minera├º├úo e Ingest├úo	2026-09-27T20:13:18.1648369Z INFO:httpx:HTTP Request: POST ***/api/ingest "HTTP/1.1 200 OK"
mine-and-evolve	Executar Motor de Minera├º├úo e Ingest├úo	2026-09-27T20:13:18.1659105Z INFO:nexus.worker:Resposta [https://pt.wikipedia.org/wiki/Processamento_de_linguagem_natural]: 200 ÔÇö {"status":"success","message":"Dados processados e inseridos no Neo4j AuraDB real.","db_status":"cluster-active","entities_processed":8,"vectors_indexed":1,"verified_facts":3,"masked_extraction_failure":false,"allow_demo_fallback":false}
mine-and-evolve	Executar Motor de Minera├º├úo e Ingest├úo	2026-09-27T20:13:18.9079320Z INFO:nexus.worker:telemetria {"url": "https://pt.wikipedia.org/wiki/Aprendizado_por_refor%C3%A7o", "quality": "weak", "canonical_triples": 5, "raw_triples": 24, "football_related_hits": 0, "football_verb_hits": 1, "notes": ""}
mine-and-evolve	Executar Motor de Minera├º├úo e Ingest├úo	2026-09-27T20:13:19.3010216Z INFO:httpx:HTTP Request: POST ***/api/ingest "HTTP/1.1 200 OK"
mine-and-evolve	Executar Motor de Minera├º├úo e Ingest├úo	2026-09-27T20:13:19.3021385Z INFO:nexus.worker:Resposta [https://pt.wikipedia.org/wiki/Aprendizado_por_refor%C3%A7o]: 200 ÔÇö {"status":"success","message":"Dados processados e inseridos no Neo4j AuraDB real.","db_status":"cluster-active","entities_processed":5,"vectors_indexed":1,"verified_facts":3,"masked_extraction_failure":false,"allow_demo_fallback":false}
mine-and-evolve	Executar Motor de Minera├º├úo e Ingest├úo	2026-09-27T20:13:20.0067549Z INFO:nexus.worker:telemetria {"url": "https://pt.wikipedia.org/wiki/Intelig%C3%AAncia_artificial_geral", "quality": "weak", "canonical_triples": 3, "raw_triples": 23, "football_related_hits": 0, "football_verb_hits": 2, "notes": ""}
mine-and-evolve	Executar Motor de Minera├º├úo e Ingest├úo	2026-09-27T20:13:20.3905147Z INFO:httpx:HTTP Request: POST ***/api/ingest "HTTP/1.1 200 OK"
mine-and-evolve	Executar Motor de Minera├º├úo e Ingest├úo	2026-09-27T20:13:20.3913991Z INFO:nexus.worker:Resposta [https://pt.wikipedia.org/wiki/Intelig%C3%AAncia_artificial_geral]: 200 ÔÇö {"status":"success","message":"Dados processados e inseridos no Neo4j AuraDB real.","db_status":"cluster-active","entities_processed":3,"vectors_indexed":1,"verified_facts":3,"masked_extraction_failure":false,"allow_demo_fallback":false}
mine-and-evolve	Executar Motor de Minera├º├úo e Ingest├úo	2026-09-27T20:13:22.8046927Z INFO:nexus.worker:telemetria {"url": "https://en.wikipedia.org/wiki/Artificial_intelligence", "quality": "weak", "canonical_triples": 12, "raw_triples": 25, "football_related_hits": 0, "football_verb_hits": 1, "notes": ""}
mine-and-evolve	Executar Motor de Minera├º├úo e Ingest├úo	2026-09-27T20:13:23.2632402Z INFO:httpx:HTTP Request: POST ***/api/ingest "HTTP/1.1 200 OK"
mine-and-evolve	Executar Motor de Minera├º├úo e Ingest├úo	2026-09-27T20:13:23.2640601Z INFO:nexus.worker:Resposta [https://en.wikipedia.org/wiki/Artificial_intelligence]: 200 ÔÇö {"status":"success","message":"Dados processados e inseridos no Neo4j AuraDB real.","db_status":"cluster-active","entities_processed":12,"vectors_indexed":1,"verified_facts":3,"masked_extraction_failure":false,"allow_demo_fallback":false}
mine-and-evolve	Executar Motor de Minera├º├úo e Ingest├úo	2026-09-27T20:13:24.4710180Z INFO:nexus.worker:telemetria {"url": "https://en.wikipedia.org/wiki/Machine_learning", "quality": "weak", "canonical_triples": 10, "raw_triples": 25, "football_related_hits": 0, "football_verb_hits": 0, "notes": ""}
mine-and-evolve	Executar Motor de Minera├º├úo e Ingest├úo	2026-09-27T20:13:24.8585063Z INFO:httpx:HTTP Request: POST ***/api/ingest "HTTP/1.1 200 OK"
mine-and-evolve	Executar Motor de Minera├º├úo e Ingest├úo	2026-09-27T20:13:24.8594971Z INFO:nexus.worker:Resposta [https://en.wikipedia.org/wiki/Machine_learning]: 200 ÔÇö {"status":"success","message":"Dados processados e inseridos no Neo4j AuraDB real.","db_status":"cluster-active","entities_processed":10,"vectors_indexed":1,"verified_facts":3,"masked_extraction_failure":false,"allow_demo_fallback":false}
mine-and-evolve	Executar Motor de Minera├º├úo e Ingest├úo	2026-09-27T20:13:25.2183975Z INFO:nexus.worker:telemetria {"url": "https://www.tensorflow.org/tutorials/quickstart/beginner", "quality": "weak", "canonical_triples": 4, "raw_triples": 6, "football_related_hits": 0, "football_verb_hits": 0, "notes": ""}
mine-and-evolve	Executar Motor de Minera├º├úo e Ingest├úo	2026-09-27T20:13:25.5329920Z INFO:httpx:HTTP Request: POST ***/api/ingest "HTTP/1.1 200 OK"
mine-and-evolve	Executar Motor de Minera├º├úo e Ingest├úo	2026-09-27T20:13:25.5340789Z INFO:nexus.worker:Resposta [https://www.tensorflow.org/tutorials/quickstart/beginner]: 200 ÔÇö {"status":"success","message":"Dados processados e inseridos no Neo4j AuraDB real.","db_status":"cluster-active","entities_processed":4,"vectors_indexed":1,"verified_facts":3,"masked_extraction_failure":false,"allow_demo_fallback":false}
mine-and-evolve	Executar Motor de Minera├º├úo e Ingest├úo	2026-09-27T20:13:25.8163305Z INFO:nexus.worker:telemetria {"url": "https://scikit-learn.org/stable/modules/neural_networks_supervised.html", "quality": "weak", "canonical_triples": 8, "raw_triples": 22, "football_related_hits": 0, "football_verb_hits": 0, "notes": ""}
mine-and-evolve	Executar Motor de Minera├º├úo e Ingest├úo	2026-09-27T20:13:26.1525946Z INFO:httpx:HTTP Request: POST ***/api/ingest "HTTP/1.1 200 OK"
mine-and-evolve	Executar Motor de Minera├º├úo e Ingest├úo	2026-09-27T20:13:26.1533012Z INFO:nexus.worker:Resposta [https://scikit-learn.org/stable/modules/neural_networks_supervised.html]: 200 ÔÇö {"status":"success","message":"Dados processados e inseridos no Neo4j AuraDB real.","db_status":"cluster-active","entities_processed":8,"vectors_indexed":1,"verified_facts":3,"masked_extraction_failure":false,"allow_demo_fallback":false}
mine-and-evolve	Executar Motor de Minera├º├úo e Ingest├úo	2026-09-27T20:13:26.2495979Z INFO:nexus.worker:telemetria {"url": "https://huggingface.co/docs/transformers/index", "quality": "weak", "canonical_triples": 1, "raw_triples": 2, "football_related_hits": 0, "football_verb_hits": 0, "notes": "rejeicoes dominadas por ruido de navegacao"}
mine-and-evolve	Executar Motor de Minera├º├úo e Ingest├úo	2026-09-27T20:13:26.5123175Z INFO:httpx:HTTP Request: POST ***/api/ingest "HTTP/1.1 200 OK"
mine-and-evolve	Executar Motor de Minera├º├úo e Ingest├úo	2026-09-27T20:13:26.5134471Z INFO:nexus.worker:Resposta [https://huggingface.co/docs/transformers/index]: 200 ÔÇö {"status":"success","message":"Dados processados e inseridos no Neo4j AuraDB real.","db_status":"cluster-active","entities_processed":1,"vectors_indexed":1,"verified_facts":3,"masked_extraction_failure":false,"allow_demo_fallback":false}
mine-and-evolve	Executar Motor de Minera├º├úo e Ingest├úo	2026-09-27T20:13:27.3805317Z INFO:nexus.worker:telemetria {"url": "https://ollama.com/library", "quality": "weak", "canonical_triples": 8, "raw_triples": 22, "football_related_hits": 0, "football_verb_hits": 0, "notes": ""}
mine-and-evolve	Executar Motor de Minera├º├úo e Ingest├úo	2026-09-27T20:13:27.7642323Z INFO:httpx:HTTP Request: POST ***/api/ingest "HTTP/1.1 200 OK"
mine-and-evolve	Executar Motor de Minera├º├úo e Ingest├úo	2026-09-27T20:13:27.7650012Z INFO:nexus.worker:Resposta [https://ollama.com/library]: 200 ÔÇö {"status":"success","message":"Dados processados e inseridos no Neo4j AuraDB real.","db_status":"cluster-active","entities_processed":8,"vectors_indexed":1,"verified_facts":3,"masked_extraction_failure":false,"allow_demo_fallback":false}
mine-and-evolve	Executar Motor de Minera├º├úo e Ingest├úo	2026-09-27T20:13:27.9491052Z INFO:nexus.worker:telemetria {"url": "https://arxiv.org/abs/2303.08774", "quality": "unproductive", "canonical_triples": 0, "raw_triples": 1, "football_related_hits": 0, "football_verb_hits": 1, "notes": "todas as triplas cruas rejeitadas no refino"}
mine-and-evolve	Executar Motor de Minera├º├úo e Ingest├úo	2026-09-27T20:13:28.0749581Z INFO:httpx:HTTP Request: POST ***/api/ingest "HTTP/1.1 200 OK"
mine-and-evolve	Executar Motor de Minera├º├úo e Ingest├úo	2026-09-27T20:13:28.0757077Z INFO:nexus.worker:Resposta [https://arxiv.org/abs/2303.08774]: 200 ÔÇö {"status":"failed","message":"Extra├º├úo sem entidades e fallback demo-memory desabilitado (NEXUS_ALLOW_DEMO_FALLBACK=false).","db_status":"demo-memory","entities_processed":0,"vectors_indexed":0,"verified_facts":3,"masked_extraction_failure":true,"allow_demo_fallback":false}
mine-and-evolve	Executar Motor de Minera├º├úo e Ingest├úo	2026-09-27T20:13:28.0760041Z WARNING:nexus.worker:Ingest degradado [https://arxiv.org/abs/2303.08774]: status=failed entities=0 masked=True
mine-and-evolve	Executar Motor de Minera├º├úo e Ingest├úo	2026-09-27T20:13:29.2331503Z INFO:nexus.worker:telemetria {"url": "https://paperswithcode.com/area/natural-language-processing", "quality": "weak", "canonical_triples": 6, "raw_triples": 12, "football_related_hits": 0, "football_verb_hits": 0, "notes": ""}
mine-and-evolve	Executar Motor de Minera├º├úo e Ingest├úo	2026-09-27T20:13:29.6176623Z INFO:httpx:HTTP Request: POST ***/api/ingest "HTTP/1.1 200 OK"
mine-and-evolve	Executar Motor de Minera├º├úo e Ingest├úo	2026-09-27T20:13:29.6187966Z INFO:nexus.worker:Resposta [https://paperswithcode.com/area/natural-language-processing]: 200 ÔÇö {"status":"success","message":"Dados processados e inseridos no Neo4j AuraDB real.","db_status":"cluster-active","entities_processed":6,"vectors_indexed":1,"verified_facts":3,"masked_extraction_failure":false,"allow_demo_fallback":false}
mine-and-evolve	Executar Motor de Minera├º├úo e Ingest├úo	2026-09-27T20:13:33.4980242Z INFO:nexus.worker:telemetria {"url": "https://plato.stanford.edu/entries/artificial-intelligence/", "quality": "weak", "canonical_triples": 11, "raw_triples": 25, "football_related_hits": 0, "football_verb_hits": 2, "notes": ""}
mine-and-evolve	Executar Motor de Minera├º├úo e Ingest├úo	2026-09-27T20:13:33.9508304Z INFO:httpx:HTTP Request: POST ***/api/ingest "HTTP/1.1 200 OK"
mine-and-evolve	Executar Motor de Minera├º├úo e Ingest├úo	2026-09-27T20:13:33.9519026Z INFO:nexus.worker:Resposta [https://plato.stanford.edu/entries/artificial-intelligence/]: 200 ÔÇö {"status":"success","message":"Dados processados e inseridos no Neo4j AuraDB real.","db_status":"cluster-active","entities_processed":11,"vectors_indexed":1,"verified_facts":3,"masked_extraction_failure":false,"allow_demo_fallback":false}
mine-and-evolve	Executar Motor de Minera├º├úo e Ingest├úo	2026-09-27T20:13:34.0297237Z INFO:nexus.worker:telemetria {"url": "https://www.nist.gov/artificial-intelligence", "quality": "weak", "canonical_triples": 2, "raw_triples": 4, "football_related_hits": 0, "football_verb_hits": 0, "notes": "rejeicoes dominadas por ruido de navegacao"}
mine-and-evolve	Executar Motor de Minera├º├úo e Ingest├úo	2026-09-27T20:13:34.2956226Z INFO:httpx:HTTP Request: POST ***/api/ingest "HTTP/1.1 200 OK"
mine-and-evolve	Executar Motor de Minera├º├úo e Ingest├úo	2026-09-27T20:13:34.2966638Z INFO:nexus.worker:Resposta [https://www.nist.gov/artificial-intelligence]: 200 ÔÇö {"status":"success","message":"Dados processados e inseridos no Neo4j AuraDB real.","db_status":"cluster-active","entities_processed":2,"vectors_indexed":1,"verified_facts":3,"masked_extraction_failure":false,"allow_demo_fallback":false}
mine-and-evolve	Executar Motor de Minera├º├úo e Ingest├úo	2026-09-27T20:13:34.4634185Z INFO:nexus.worker:telemetria {"url": "https://www.geeksforgeeks.org/what-is-artificial-intelligence/", "quality": "weak", "canonical_triples": 4, "raw_triples": 8, "football_related_hits": 0, "football_verb_hits": 0, "notes": ""}
mine-and-evolve	Executar Motor de Minera├º├úo e Ingest├úo	2026-09-27T20:13:34.7272191Z INFO:httpx:HTTP Request: POST ***/api/ingest "HTTP/1.1 200 OK"
mine-and-evolve	Executar Motor de Minera├º├úo e Ingest├úo	2026-09-27T20:13:34.7283256Z INFO:nexus.worker:Resposta [https://www.geeksforgeeks.org/what-is-artificial-intelligence/]: 200 ÔÇö {"status":"success","message":"Dados processados e inseridos no Neo4j AuraDB real.","db_status":"cluster-active","entities_processed":4,"vectors_indexed":1,"verified_facts":3,"masked_extraction_failure":false,"allow_demo_fallback":false}
mine-and-evolve	Executar Motor de Minera├º├úo e Ingest├úo	2026-09-27T20:13:35.2997049Z INFO:nexus.worker:telemetria {"url": "https://www.ibm.com/think/topics/artificial-intelligence", "quality": "weak", "canonical_triples": 8, "raw_triples": 25, "football_related_hits": 0, "football_verb_hits": 0, "notes": ""}
mine-and-evolve	Executar Motor de Minera├º├úo e Ingest├úo	2026-09-27T20:13:35.6668680Z INFO:httpx:HTTP Request: POST ***/api/ingest "HTTP/1.1 200 OK"
mine-and-evolve	Executar Motor de Minera├º├úo e Ingest├úo	2026-09-27T20:13:35.6678684Z INFO:nexus.worker:Resposta [https://www.ibm.com/think/topics/artificial-intelligence]: 200 ÔÇö {"status":"success","message":"Dados processados e inseridos no Neo4j AuraDB real.","db_status":"cluster-active","entities_processed":8,"vectors_indexed":1,"verified_facts":3,"masked_extraction_failure":false,"allow_demo_fallback":false}
mine-and-evolve	Executar Motor de Minera├º├úo e Ingest├úo	2026-09-27T20:13:35.8667806Z INFO:nexus.worker:telemetria {"url": "https://spectrum.ieee.org/artificial-intelligence", "quality": "weak", "canonical_triples": 1, "raw_triples": 1, "football_related_hits": 0, "football_verb_hits": 0, "notes": ""}
mine-and-evolve	Executar Motor de Minera├º├úo e Ingest├úo	2026-09-27T20:13:36.1701185Z INFO:httpx:HTTP Request: POST ***/api/ingest "HTTP/1.1 200 OK"
mine-and-evolve	Executar Motor de Minera├º├úo e Ingest├úo	2026-09-27T20:13:36.1711281Z INFO:nexus.worker:Resposta [https://spectrum.ieee.org/artificial-intelligence]: 200 ÔÇö {"status":"success","message":"Dados processados e inseridos no Neo4j AuraDB real.","db_status":"cluster-active","entities_processed":1,"vectors_indexed":1,"verified_facts":3,"masked_extraction_failure":false,"allow_demo_fallback":false}
mine-and-evolve	Executar Motor de Minera├º├úo e Ingest├úo	2026-09-27T20:13:36.1714241Z INFO:nexus.worker:Ingest├úo conclu├¡da: 33 fonte(s) enviada(s).
mine-and-evolve	Executar Motor de Minera├º├úo e Ingest├úo	2026-09-27T20:13:36.7822271Z INFO:httpx:HTTP Request: POST ***/api/brain/consolidate "HTTP/1.1 200 OK"
mine-and-evolve	Executar Motor de Minera├º├úo e Ingest├úo	2026-09-27T20:13:36.7828761Z INFO:nexus.worker:Consolida├º├úo cerebral: 200 ÔÇö {"status":"ok","source":"neo4j_tally","candidates":732,"inverses":73,"consolidated":805,"min_replays":3,"episodes_marked":1913,"pruned_episodes":0}
mine-and-evolve	Post Configurar Ambiente Python	´╗┐2026-09-27T20:13:37.2603291Z Post job cleanup.
mine-and-evolve	Post Configurar Ambiente Python	2026-09-27T20:13:37.3872281Z Cache hit occurred on the primary key setup-python-Linux-x64-24.04-Ubuntu-python-3.10.21-pip-37f034413a1cf5b2da694321b1af3dbe998806772480623b7def6b95af897cb2, not saving cache.
mine-and-evolve	Post Configurar Ambiente Python	2026-09-27T20:13:37.3874574Z (node:2430) [DEP0040] DeprecationWarning: The `punycode` module is deprecated. Please use a userland alternative instead.
mine-and-evolve	Post Configurar Ambiente Python	2026-09-27T20:13:37.3876317Z (Use `node --trace-deprecation ...` to show where the warning was created)
mine-and-evolve	Post Clonar o Reposit├│rio	´╗┐2026-09-27T20:13:37.4039324Z Post job cleanup.
mine-and-evolve	Post Clonar o Reposit├│rio	2026-09-27T20:13:37.4938370Z [command]/usr/bin/git version
mine-and-evolve	Post Clonar o Reposit├│rio	2026-09-27T20:13:37.4981438Z git version 2.55.0
mine-and-evolve	Post Clonar o Reposit├│rio	2026-09-27T20:13:37.5020239Z Temporarily overriding HOME='/home/runner/work/_temp/f8d05905-f4ef-427f-9954-7150f16fd3c7' before making global git config changes
mine-and-evolve	Post Clonar o Reposit├│rio	2026-09-27T20:13:37.5021834Z Adding repository directory to the temporary git global config as a safe directory
mine-and-evolve	Post Clonar o Reposit├│rio	2026-09-27T20:13:37.5027181Z [command]/usr/bin/git config --global --add safe.directory /home/runner/work/Nexus-Alpha/Nexus-Alpha
mine-and-evolve	Post Clonar o Reposit├│rio	2026-09-27T20:13:37.5066804Z [command]/usr/bin/git config --local --name-only --get-regexp core\.sshCommand
mine-and-evolve	Post Clonar o Reposit├│rio	2026-09-27T20:13:37.5104532Z [command]/usr/bin/git submodule foreach --recursive sh -c "git config --local --name-only --get-regexp 'core\.sshCommand' && git config --local --unset-all 'core.sshCommand' || :"
mine-and-evolve	Post Clonar o Reposit├│rio	2026-09-27T20:13:37.5361161Z [command]/usr/bin/git config --local --name-only --get-regexp http\.https\:\/\/github\.com\/\.extraheader
mine-and-evolve	Post Clonar o Reposit├│rio	2026-09-27T20:13:37.5392370Z http.https://github.com/.extraheader
mine-and-evolve	Post Clonar o Reposit├│rio	2026-09-27T20:13:37.5405104Z [command]/usr/bin/git config --local --unset-all http.https://github.com/.extraheader
mine-and-evolve	Post Clonar o Reposit├│rio	2026-09-27T20:13:37.5452965Z [command]/usr/bin/git submodule foreach --recursive sh -c "git config --local --name-only --get-regexp 'http\.https\:\/\/github\.com\/\.extraheader' && git config --local --unset-all 'http.https://github.com/.extraheader' || :"
mine-and-evolve	Post Clonar o Reposit├│rio	2026-09-27T20:13:37.5759013Z [command]/usr/bin/git config --local --name-only --get-regexp ^includeIf\.gitdir:
mine-and-evolve	Post Clonar o Reposit├│rio	2026-09-27T20:13:37.5802277Z [command]/usr/bin/git submodule foreach --recursive git config --local --show-origin --name-only --get-regexp remote.origin.url
mine-and-evolve	Complete job	´╗┐2026-09-27T20:13:37.6272966Z Cleaning up orphan processes
mine-and-evolve	Complete job	2026-09-27T20:13:37.6606027Z ##[warning]Node.js 20 is deprecated. The following actions target Node.js 20 but are being forced to run on Node.js 24: actions/checkout@v4, actions/setup-python@v5. For more information see: https://github.blog/changelog/2025-09-19-deprecation-of-node-20-on-github-actions-runners/
